No,No旧,lb旧,lb,AL種別,VIN,VIN旧,sp,csp,SP,D99,f99,c99,D03,f03,c03,memo03,D07,f07,c07,memo07,D10,f10,H10,c10,memo10,D14,f14,c14,memo14,ﾗﾍﾞﾙ14作業済,ﾗﾍﾞﾙ18作業済,201806除雪関係調査時、201809植生調査時、201810台風倒木円盤採取時,D19,f19,株,c19,ﾗﾍﾞﾙ19作業済,memo19,次回注意,x,y,z,測量,2007まで追加木,2010追加木,2014追加木,2019追加木
1,1,1,1,I,,266,オオシラビソ,,A,7.7,4,,8.2,5,,,8.6,4,,s ,9.3,4,3.5,,s,9.6,2,,根元裂倒,,,,,-1,,,,根元折,,45.2,-0.13,1946.16,'07,,,,
2,,,374,19,RB39,,オオシラビソ,,A,,,,,,,,,,,,,,,,,,,,,,,,8.4,4,,,,19追加,,49.79,3.59,,'19,,,,1
3,,,339,14,RW267,,ナナカマド,,Sc,,,,,,,,,,,,,,,,,9.9,5,,14追加,加入,,,10.3,3,2,,,倒ｵｵｼﾗﾋﾞｿ下敷,,48.44,5.6,,'14,,,1,
4,,,375,19,RB38,,ナナカマド,,Sc,,,,,,,,,,,,,,,,,,,,,,,,8.7,3,+,,,"19追加, 339株",,48.44,5.6,,同株同値,,,,1
5,26,26,26,"I,18",,291,オオシラビソ,,A,27.4,4,,27.5,2,,,27.4,2,,4m折,27.6,2,4,,4m折,27.5,2,,4m折,,落,,27.5,2,,,,4m折,,44.7,3.9,1947.83,'07,,,,
6,25,25,25,I,,290,オオシラビソ,,A,31.4,5,,31.8,4,,3ｍで幹折,32.5,4,,,32.8,4,10,,,33.2,5,,,,,,33.8,4,,,,,,43.02,4.69,1947.71,'07,,,,
7,24,24,24,"I,14",,289,オオシラビソ,,A,45.9,5,,46.2,4,,,46.7,4,,,47.1,4,9,,,47.1,4,,,12cm下へ,,,47.3,4,,,,,,41.96,3.9,1947.63,'07,,,,
8,23,23,23,I,,288,オオシラビソ,,A,22.4,5,,22.7,4,,,22.9,4,,,23.4,3,7,,,23.7,3,,,,,,24.5,3,,,,,,41.79,5.98,1948.23,'07,,,,
9,2,2,2,I,,267,ダケカンバ,,Be,24.5,5,,24.6,4,,,24.5,4,,sss,25,4,5,,s,25.1,4,,,,,,25.1,4,,,,,,38.59,9.76,1948.4,'07,,,,
10,22,22,22,"I,14",,287,オオシラビソ,,A,47.6,99,データなしのため2003-2007ΔDより推定,47.6,4,,ｈ＝40ｃｍ?,47.5,4,,,48.2,3,8,,,48.6,4,,,落,,,48.6,3,,,,,,40.41,9.49,1949.14,'07,,,,
11,27,27,27,I,,292,オオシラビソ,,A,12.8,3,,13.9,4,,,14,3,,s ,14.7,4,4,,s,14.9,3,,,,,,15.5,3,,,,,,44.77,13.77,1949.86,'07,,,,
12,,,376,19,RB35,,オオシラビソ,,A,,,,,,,,,,,,,,,,,,,,,,,,8.5,5,,,,19追加,,45.75,16.46,,'19,,,,1
13,42,42,42,"I,19",,307,オオシラビソ,,A,11.7,99,生存のはずだがf記載なしのため99とする,12.8,5,,,13.3,4,,s ,14,4,4,,,14.7,4,,,,,,15.4,4,,,落,,,46.73,19.4,1951.96,'07,,,,
14,43,43,43,"I,14",,308,オオシラビソ,,A,18.4,4,,19.6,5,,,20,5,,s ,21,4,6,,,22.4,4,,,落,,,24,4,,,,,,45.88,20.46,1952.52,'07,,,,
15,,,377,19,RB36,,オオシラビソ,,A,,,,,,,,,,,,,,,,,,,,,,,,7.4,4,,,,19追加,,40.18,17.25,,'19,,,,1
16,28,28,28,"I,14",,293,オオシラビソ,,A,39.6,5,,40.4,4,,,40.4,4,,,40.8,3,9,,,42,4,,上部二又,落,,,41.9,3,,,,,,39.21,15.98,1951.44,'07,,,,
17,,,340,14,RW266,,オオシラビソ,,A,,,,,,,,,,,,,,,,,8.5,4,,14追加,加入,,,9.6,4,,,,,,36.5,15.98,,'14,,,1,
18,29,29,29,I,,294,オオシラビソ,,A,9.3,5,,10.4,3,,曲,10.6,3,,"sss, 曲り",10.7,1,1,,"s, 根本折，倒",,-1,,"s,根元折",,,,,-1,,,,,,36.38,16.06,1951.09,'07,,,,
19,30,30,30,I,,295,オオシラビソ,,A,9.1,2,,9.5,2,,,9.9,2,,,10,4,3,"D10.6と記録だが、D07,D14との関係からD10.0の誤りと推定修正",,10,3,,,,,,10.1,2,,,,,,34.88,16.69,1952.27,'07,,,,
20,,,378,19,RB37,,オオシラビソ,,A,,,,,,,,,,,,,,,,,,,,,,,,8.6,4,,,,19追加,,35.63,17.07,,'19,,,,1
21,31,31,31,I,,296,オオシラビソ,,A,10.9,5,,11.9,4,,,12.6,4,,,13.1,4,7,,,13.3,4,,,,,,14.7,4,,,,,,35.03,17.03,1952.33,'07,,,,
22,32,32,32,"I,14",,297,オオシラビソ,,A,23,5,,24.3,3,,,25,3,,TOP枯,26,4,8,,top枯,27.5,4,,三俣,めりこみ,,,29.1,5,,,,,,34.33,16.13,1951.62,'07,,,,
23,33,33,33,I,,298,オオシラビソ,,A,10.2,4,,11.1,4,,,11.5,3,,,12.1,4,4,,,12.7,4,,,,,,13.6,4,,,,,,33.85,14.9,1951.13,'07,,,,
24,21,21,21,I,,286,オオシラビソ,,A,39.2,5,,40,4,,先端枯,40.5,5,,,41.5,5,9,,,42,5,,,,,,43,5,,,,,,33.17,7.34,1948.65,'07,,,,
25,3,3,3,"I,14",,268,オオシラビソ,,A,28,5,,29,5,,,30,5,,,30.6,5,8,,,31.1,5,,,落,,,32.3,4,,,,,,32.55,3.88,1947.46,'07,,,,
26,4,4,4,I,,269,オオシラビソ,,A,7.1,4,,7.6,4,,,8,4,,,8.4,4,3,,,8.8,4,,,,,,9.6,4,,,,,,32.97,2.91,1947.17,'07,,,,
27,5,5,5,I,,270,オオシラビソ,,A,7.9,5,,8.6,5,,,8.9,4,,,9.2,3,4,,,9.5,4,,,,,,10.1,4,,,,,,32.35,1.85,1946.8,'07,,,,
28,6,6,6,"I,19",,271,オオシラビソ,,A,8.6,5,,9.2,5,,,9.6,5,,sss,10,4,3,,,10.3,4,,,,,,11,4,,,落,,,32.03,0.02,1947.02,'07,,,,
29,20,20,20,"I,18",,285,オオシラビソ,,A,15.7,5,,16.8,5,,,17.2,4,,,18.1,4,6,,,19.1,5,,,,落,,20.5,4,,,,,,30.54,5.8,1948.31,'07,,,,
30,7,7,7,I,,272,オオシラビソ,,A,54.5,3,,55.6,0,,枯、枝葉つき,,-1,,"sss, 根元折",,-1,,,,,-1,,,,,,,-1,,,,,,27.64,7.24,1948.6,'07,,,,
31,,,341,14,RW268,,ナナカマド,,Sc,12.2,99,2014追加、2014-2019ΔDより推定,13.1,5,2014追加、2014-2019ΔDより推定,,14,5,2014追加、2014-2019ΔDより推定,,14.6,5,,2014追加、2014-2019ΔDより推定,,15.5,5,,14追加,加入,,,16.6,5,,,,,,27.63,12.02,,'14,,,1,
32,8,8,8,I,,273,オオシラビソ,,A,46.3,0,,,-1,memoよりf0→-1修正,地上60ｃｍで折,,-1,,"sss, 根元折",,-1,,,,,-1,,,,,,,-1,,,,,,22.46,6.85,1948.78,'07,,,,
33,9,9,9,I,,274,オオシラビソ,,A,10,4,,11,5,,,12,5,,s ,12.8,3,2,,"s, 根元折",12.7,3,,"s,根元折生",,,,12.7,2,,,,倒伏,,22.91,6.25,1948.21,'07,,,,
34,10,10,10,I,,275,オオシラビソ,,A,32,0,前後行にｆ記載あり2003死亡のため、記載なし→0に修正 [Mimatsu2007xls 99集計(03報告書整合)sheet にて2003報告書集計との整合性確認済],31.5,0,,,32,0,,,32.4,0,,,,35.6,0,,,,,,,-1,,,,1m折,,22.71,6.84,1948.2,'07,,,,
35,11,11,11,I,,276,オオシラビソ,,A,36.8,5,,36.8,3,,,36.6,3,,TOP枯,36.7,3,10,,top枯,37.9,3,,top枯,,,,37.7,3,,,,,,22.54,5.85,1948.28,'07,,,,
36,12,12,12,I,,277,オオシラビソ,,A,18.6,4,,18.9,5,,,,-1,,"sss, 根元折",,-1,,,,,-1,,,,,,,-1,,,,,,21.28,5.08,1946.98,'07,,,,
37,19,19,19,"I,19",,284,オオシラビソ,,A,36.6,5,,36.9,3,,,37.7,3,,,37.7,3,9,,top枯,37.9,3,,top枯,,,,38.5,3,,,とれかけ,topなし,,18.51,8.15,1948.11,'07,,,,
38,13,13,13,I,,278,オオシラビソ,,A,8.8,5,,10.1,5,,,,-1,,"sss, 60ｃｍ折",,-1,,,,,-1,,,,,,,-1,,,,,,15.64,1.62,1944.83,'07,,,,
39,14,14,14,I,,279,ダケカンバ,,Be,22.5,5,,23.1,4,,,23.3,4,,sss,23.9,4,4,,s,,-1,,倒伏枯,,,,,-1,,,,,,10.03,8.11,1946.79,'07,,,,
40,,,379,19,RB40,,オオシラビソ,,A,,,,,,,,,,,,,,,,,,,,,,,,8.9,4,,,,19追加,,-0.31,0.96,,'19,,,,1
41,,,380,19,RB41,,ダケカンバ,,Be,,,,,,,,,,,,,,,,,,,,,,,,11.1,4,,,,19追加,次回ΔDより14推定,-0.29,1.18,,'19,,,,1
42,15,15,15,"I,19",,280,オオシラビソ,,A,11.9,5,,14.2,5,,,16.5,5,,"s, 大gap孤立成長良",18.5,4,6,,,21.2,5,,,,,,25.2,5,,,埋,,,-0.91,2.76,1946.74,'07,,,,
43,15.1,15.1,291,10,RB740,,ナナカマド,,Sc,,,,,,,,,,,,10,5,4.5,,"s, 10追加",10.3,5,,,,,,10.7,4,,,,,,3.32,9.59,1947.88,'10,,1,,
44,15.2,15.2,292,10,RB741,,ミヤマハンノキ,,Ama,10.4,5,2010追加，2010-2019ΔD=0.2より推定,10.4,5,2010追加，2010-2019ΔD=0.2より推定,,10.5,5,2010追加，2010-2019ΔD=0.2より推定,,10.6,5,4.5,,"s, 10追加",10.6,4,,,,,,10.8,3,,,,,,-0.4,12.32,1949.75,'10,,1,,
45,,,381,19,RB42,,ミネカエデ,,At,,,,,,,,,,,,,,,,,,,,,,,,8.9,4,,,,19追加,,-0.1,12.31,,'19,,,,1
46,16,16,16,"I,18",,281,オオシラビソ,,A,9.9,5,,9.4,5,,,9.9,4,,s ,10.5,5,5,,s,11.2,5,,,,落,,12.3,4,,,,,,6.35,13.69,1949.33,'07,,,,
47,17,17,17,I,,282,ダケカンバ,,Be,24.8,4,,26,5,,,26.3,4,,s ,27.2,5,7,,s,27.4,5,,,,,,27.8,4,,,,,,8.5,10.93,1948.36,'07,,,,
48,18,18,18,I,,283,オオシラビソ,,A,39.7,5,,40.9,4,,,41.1,4,,,41.7,4,12,,,42.8,4,,,,,,43.9,4,,,,,,14.12,11.52,1949.28,'07,,,,
49,37,37,37,I,,302,オオシラビソ,,A,48.1,5,,48.1,4,,,48.4,4,,,49.2,4,12,,top折,49.3,5,,top折,,,,49.8,4,,,,,,12.39,14.38,1950.45,'07,,,,
50,38,38,38,I,,303,オオシラビソ,,A,36.1,3,,35.9,3,,,36.4,4,,,36.7,2,11,,,37,0,,,,,,36.5,0,,,,3m折,,15.77,14.46,1950.48,'07,,,,
51,40,40,40,"I,18",,305,オオシラビソ,,A,12.9,4,,13.4,4,欠測のためDは1999､2007値を按分、fは1999､2007と同とする,,13.7,4,,,14.1,3,6,,,14.4,4,,,,割,,15.4,4,,,,,,16.7,13.9,1950.35,'07,,,,
52,35,35,35,I,,300,オオシラビソ,,A,20.4,4,,20.7,5,,,20.9,4,,,21.2,4,5,,,21.8,4,,,,,,23.2,4,,,,,,19.56,11.5,1949.65,'07,,,,
53,36,36,36,I,,301,オオシラビソ,,A,51,5,,51,3,,,51,3,,,51,1,9,,top枯，二股一方枯,51.1,0,,,,,,50.5,0,,,,4m折,,20.14,12.52,1950,'07,,,,
54,39,39,39,"I,14",,304,オオシラビソ,,A,16.4,3,,16.9,3,,,17.4,4,,,17.5,3,5,,,18.4,4,,,落,,,19.4,3,,,,,,21.08,15.59,1951.59,'07,,,,
55,41,41,41,I,,306,オオシラビソ,,A,29.6,5,,30.4,5,,,31.1,4,,,32,4,9,,,32.5,5,,,,,,34,4,,,,,,22.11,15.26,1951.46,'07,,,,
56,34,34,34,I,,299,オオシラビソ,,A,46.8,2,,,-1,memoよりf0→-1修正,枯、折　1ｍ,,-1,,s ,,-1,,,,,-1,,,,,,,-1,,,,,,25.01,14.94,1951.03,'07,,,,
57,47,47,47,I,RB735,312,ダケカンバ,,Be,12.7,99,データなしのため2003-2007ΔDより推定,12.7,3,,,12.6,3,,s ,12.7,3,4,,s,,-1,,根元折,,,,,-1,,,,,,23.72,18.18,1951.58,'07,,,,
58,46,46,46,I,,311,ダケカンバ,,Be,23.1,5,,23.9,4,,,24.3,5,,s ,24.6,5,4,,s,24.6,4,,,,,,25,4,,,,,,25.72,19.97,1952.58,'07,,,,
59,45,45,45,"I,19",,310,オオシラビソ,,A,16.2,4,,16.9,5,,,17.4,4,,,18.1,3,6,,,18.9,4,,,,,,20.2,4,,,とれかけ,,,26.65,20.05,1952.48,'07,,,,
60,44,44,44,I,,309,オオシラビソ,,A,15.2,0,,14.9,0,,,14.4,0,,s ,14.4,0,,,"s, 2m折",,-1,,,,,,,-1,,,,,,27.39,20.22,1952.39,'07,,,,
61,43.2,43.2,294,10,RB734,,ダケカンバ,,Be,20.7,99,2010追加，2010-2014ΔD=-0.1のため2010値使用,20.7,3,2010追加，2010-2014ΔD=-0.1のため2010値使用,,20.7,3,2010追加，2010-2014ΔD=-0.1のため2010値使用,,20.7,3,3,,"s, 10追加,沢内寝,根元から5m測",20.6,3,,,,,,,-1,,,,倒伏枯,,28.69,21.45,1952.61,'10,,1,,
62,43.1,43.1,293,10,RB733,,ダケカンバ,,Be,19.5,99,2010追加，2007以前記録なし、2014枯死のため2010値使用,19.5,3,2010追加，2007以前記録なし、2014枯死のため2010値使用,,19.5,3,2010追加，2014枯死のため2010値使用,,19.5,3,4,,"s, 10追加,沢内寝,根元から5m測",,-1,,"s,倒伏枯",,,,,-1,,,,,,29.23,21.58,1952.59,'10,,1,,
63,61,61,61,"I,14",RB732,326,オオシラビソ,,A,11.9,99,データなしのため2003-2007ΔDより推定,12.3,5,,,12.7,5,,s ,13.4,5,6,,s,14.1,5,,,落,,,15.4,3,,,,根元裂倒,,27.52,22.92,1953.75,'07,,,,
64,60,60,60,"I,14",RB731,325,ダケカンバ,,Be,19.7,99,データなしのため2003-2007ΔDより推定,20.4,5,,,21.1,5,,sss,21.7,5,8,,"s, lb落",22.6,5,,,落,,,23.8,5,,,,,,27.41,24.32,1954.35,'07,,,,
65,78,78,78,I,,343,オオシラビソ,,A,27.5,0,前後行にｆ記載あり2003死亡のため、記載なし→0に修正 [Mimatsu2007xls 99集計(03報告書整合)sheet にて2003報告書集計との整合性確認済],,-1,D計測なしのためf0→-1修正,,,-1,,"sss, 根元折",,-1,,,,,-1,,,,,,,-1,,,,,,26.89,26.99,1955.18,'07,,,,
66,79,79,79,I,,344,オオシラビソ,,A,14.4,5,,15.5,5,,,16.4,5,,,17.4,4,6,,,18.3,4,,1m幹裂,,,,18.7,1,,,,根元裂倒,,24.23,24.84,1954.21,'07,,,,
67,59,59,59,"I,14",,324,オオシラビソ,,A,15.8,5,,17.1,5,,,17.8,5,,,18.7,4,6,,,19.7,5,,,落,,,21.1,5,,,,,,25.34,22.36,1953.82,'07,,,,
68,58,58,58,I,,323,ダケカンバ,,Be,24.3,3,,24.9,5,"2000,2007測定値より25.9→24.9に修正",,25.4,4,,s ,25.7,5,7,,s,26.7,4,,,,,,27.2,5,,,,,,24.93,22.25,1953.88,'07,,,,
69,57,57,57,"I,14",,322,オオシラビソ,,A,29.2,3,,30.3,3,,,31,3,,,31.9,3,12,,,32.8,4,,,落,,,34,3,,,,,,21.79,22.29,1953.25,'07,,,,
70,56,56,56,I,,321,オオシラビソ,,A,11.6,2,,11.9,3,,,12,3,,,12.2,4,2,,,12.5,3,,,,,,13,3,,,,,,21.55,22.45,1953.3,'07,,,,
71,55.1,55.1,297,10,RB736,,オオシラビソ,,A,,,,,,,,,,,,8.5,4,3.5,,"s, 10追加",8.8,4,,,,,,9.4,4,,,,,,19.27,21.64,1953.18,'10,,1,,
72,55,55,55,I,,320,オオシラビソ,,A,10.4,3,,10.8,4,,,11.1,4,,s ,11.6,4,4,,s,12,4,,,,,,12.5,4,,,,,,18.7,22.88,1953.91,'07,,,,
73,48,48,48,I,RB737,313,ダケカンバ,,Be,13.7,99,生存のはずだがf記載なしのため99とする,14.2,5,,,14.6,5,,s ,15.1,4,8,,,15.5,5,,,,,,16.2,5,,,,,,16.04,21.8,1953.77,'07,,,,
74,48.1,48.1,295,10,RB738,,ダケカンバ,,Be,18.9,99,2007追加のため2007-2010ΔDより推定,19.5,5,2007追加のため2007-2010ΔDより推定,,20.2,5,,"s, 07追加",20.7,4,7,,,21,5,,,,,,21.5,5,,,,,,15.67,21.8,1953.8,'07,1,,,
75,54,54,54,"I,18",,319,オオシラビソ,,A,22,4,,22.7,5,,,23.1,4,,,23.8,4,8,,,24.3,5,,,,割,,25.7,4,,,,,,14.05,21.68,1953.64,'07,,,,
76,53,53,53,"I,18",,318,オオシラビソ,,A,24.1,3,,24.6,3,,トップ折,24.8,3,,主幹交代,25.6,4,8,,,25.5,3,,,,落,,26,3,,,,,,10.82,20.7,1953.24,'07,,,,
77,52,52,52,"I,19",,317,オオシラビソ,,A,21.5,4,,22.3,3,,トップ折,22.2,3,,主幹交代,22.8,3,7,,,23.1,4,,,,,,23.7,4,,,落ちかけ,,,10.83,19.75,1952.95,'07,,,,
78,51.1,51.1,296,10,RB739,,オオシラビソ,,A,,,,,,,,,,,,9,4,4,,"s, 10追加",8.9,4,,,,,,9.3,4,,,,,,9.44,18.38,1952.07,'10,,1,,
79,49,49,49,"I,14",,314,オオシラビソ,,A,23.2,3,,23.7,4,,,24,4,,,24.5,4,8,,,25.2,4,,,落,,,26,4,,,,,,7.81,16.66,1951.65,'07,,,,
80,50,50,50,"I,18",,315,オオシラビソ,,A,39.7,5,,40.4,5,,,41,5,,,42,4,13,,,43.2,4,,,,落,,44.5,4,,,,,,6.07,18.05,1952.22,'07,,,,
81,,,382,19,RB44,,ミネカエデ,,At,,,,,,,,,,,,,,,,,,,,,,,,8.7,4,,,,19追加,,4.3,19.67,,'19,,,,1
82,51,51,51,"I,14",,316,オオシラビソ,,A,14.1,2,,14.7,3,,,15.1,4,,,15.8,4,4,,,16.4,4,,,落,,,17.5,4,,,,,,3.25,20.29,1952.58,'07,,,,
83,,,383,19,RB45,,ミネカエデ,,At,,,,,,,,,,,,,,,,,,,,,,,,8.8,4,,,,19追加,,2.65,21.67,,'19,,,,1
84,83,83,83,I,,348,オオシラビソ,,A,36,5,,36.3,4,,,36.8,4,,,37.8,4,13,,,39.1,5,,,,,,,-1,,,,2018台21号根返,,0.12,23.86,1953.83,'07,,,,
85,81,81,81,I,,346,オオシラビソ,,A,64.4,5,,65.2,5,,,64.7,4,,,65.5,3,13,,,65.6,3,,,,,,65.6,2,,,,,,3.37,24.68,1954.33,'07,,,,
86,82,82,82,I,,347,オオシラビソ,,A,12.4,3,,12.9,2,,,13.2,1,,3m折，傾幹,,-1,,,s,,-1,,,,,,,-1,,,,,,3.85,24.72,1954.25,'07,,,,
87,84,84,84,"I,18",,349,オオシラビソ,,A,29.7,5,,31.3,5,,,31.5,5,,,32.5,5,13,,,33.7,5,,,,割,,35,5,,,,,,4.9,28.79,1956.27,'07,,,,
88,85,85,85,I,,350,オオシラビソ,,A,39.2,5,,39.9,5,,,40.6,4,,,41.2,3,12,,,41.9,3,,,,,,42.7,3,,,,,,8.91,26.09,1955.5,'07,,,,
89,86,86,86,I,,351,オオシラビソ,,A,33.3,5,,33.6,4,,,34.3,4,,,34.3,3,11,,,34.2,3,,top折,,,,34.4,3,,,,,,9.83,26.26,1955.37,'07,,,,
90,87,87,87,"I,14",,352,オオシラビソ,,A,11.5,4,,11.8,4,,,12.1,4,,,12.2,3,5,,皮剥け,12.5,3,,,落,,根元折、枯,,-1,,,,根元折、枯,,12.42,25.67,1955.51,'07,,,,
91,80,80,80,"I,18",,345,オオシラビソ,,A,36.6,5,,37.5,5,,,38.1,5,,,39.1,5,12,,,39.4,5,,,,割,,40.9,5,,,,,,14.69,23.88,1954.42,'07,,,,
92,,,384,19,RB43,,ナナカマド,,Sc,,,,,,,,,,,,,,,,,,,,,,,,8.8,5,,,,19追加,,17.23,25.83,,'19,,,,1
93,88,88,88,I,,353,オオシラビソ,,A,31,0,前後行にｆ記載あり2003死亡のため、記載なし→0に修正 [Mimatsu2007xls 99集計(03報告書整合)sheet にて2003報告書集計との整合性確認済],29.8,0,欠測のため1999､2007値を按分,4ｍで幹折、枯れてから10年？,28.7,0,,3m折,30,0,,,"s, 3m折",,-1,,,,,,,-1,,,,,,14.79,28.48,1956.25,'07,,,,
94,89,89,89,I,RB749,354,ダケカンバ,,Be,11.6,99,生存のはずだがf記載なしのため99とする,11.9,5,,,11.8,5,,s ,13.2,5,3,,s,13.8,5,,,,,,14.2,4,,,,,,18.4,29.06,1956.27,'07,,,,
95,90,90,90,"I,18",,355,オオシラビソ,,A,12.3,99,生存のはずだがf記載なしのため99とする,13.1,5,,,13.2,4,,s ,13.6,4,4,,,14.2,4,,,,割,,15,4,,,,,,20.56,28.31,1955.91,'07,,,,
96,91,91,91,I,,356,ナナカマド,,Sc,7.5,4,,8,5,,,8.1,5,,s ,8.3,5,5,,s,8.7,5,,,,,,9.2,4,3,,,,,21.96,29.4,1956.4,'07,,,,
97,92,92,92,I,,357,ナナカマド,,Sc,8.4,4,,9,5,,,9.1,4,,s ,9.5,5,5,,s,10,5,,,,,,10.8,4,+,,,,,21.96,29.4,1956.4,同株同値,,,,
98,92.1,92.1,300,10,RB751,,ナナカマド,,Sc,10.3,99,2010追加，2010-2014ΔDより推定,10.8,4,2010追加，2010-2014ΔDより推定,,11.3,4,2010追加，2010-2014ΔDより推定,,11.7,4,5,,"s, 10追加,91,92同株",12.2,4,,,,,,13.1,5,+,,,,,21.96,29.4,1956.4,同株同値,,1,,
99,106,106,106,"I,14",RB750,371,オオシラビソ,,A,27.4,5,,28.4,5,,,29.4,4,,黄色の葉，落葉目立つ,30.5,5,7,,,30.9,5,,,前落,,,32.1,5,,,,,,20.38,29.88,1956.6,'07,,,,
100,93,93,93,I,,358,オオシラビソ,,A,12.7,4,,13.2,5,,,13.7,5,,s ,14.5,5,4.5,,s,14.9,5,,,,,,15.7,4,,,,,,26.74,30.95,1956.44,'07,,,,
101,77,77,77,"I,14",,342,オオシラビソ,,A,9.1,5,,10.2,5,,,11.3,5,,s ,12.2,5,4,,,13.4,5,,,落,,,15.4,5,,,,,,29.58,28.64,1955.74,'07,,,,
102,76,76,76,"I,14",RW265,341,ダケカンバ,,Be,27.4,5,,28.9,5,,,30,5,,s ,31.8,5,7,,s,33.4,4,従来計測位置測定不能のためD99-D10のΔDから推定,"s,計測位置で折生、ﾗﾍﾞﾙ位置50cm上移動D26.0",位置上げ,,,,-1,,,,1m折、枯,,31.39,29.29,1956.5,'07,,,,
103,,,342,14,RW264,,ナナカマド,,Sc,,,,,,,,,,,,,,,,,9.2,5,,14追加,加入,,,9.7,4,,,,,,33.72,30.21,,'14,,,1,
104,73.1,73.1,299,10,RB729,,ナナカマド,,Sc,,,,,,,,11,5,2010追加，2010-2014ΔDより推定,,11.8,5,4.5,,"s, 10追加",12.9,5,,,,,,14.6,5,,,,,,34.75,29.26,1956.34,'10,,1,,
105,75,75,75,"I,14",RB730,340,オオシラビソ,,A,13.6,4,,14.3,5,,,14.7,4,,,15.4,4,5,,,16.5,4,,,落,,,17.8,4,,,,,,34.3,27.74,1956.14,'07,,,,
106,74,74,74,I,,339,オオシラビソ,,A,9.7,4,,9.8,4,,,9.8,4,,s ,9.9,4,4,,s,10,3,,,,,,10.2,2,,,,,,34.16,27.14,1955.96,'07,,,,
107,,,385,19,RB34,,オオシラビソ,,A,,,,,,,,,,,,,,,,,,,,,,,,7.5,3,,,,19追加,,37.98,21.79,,'19,,,,1
108,62,62,62,I,,327,オオシラビソ,,A,34.8,5,,34.9,5,,,35.4,4,,,35.7,5,7,,,36.1,5,,,,,,36.5,5,,,,,,38.66,22.78,1954.15,'07,,,,
109,63,63,63,I,,328,オオシラビソ,,A,35.7,5,,36.7,4,,,37.5,4,,,38.2,4,8,,,39.8,4,,,,,,39.8,4,,,,,,38.87,22.99,1954.22,'07,,,,
110,64,64,64,I,,329,オオシラビソ,,A,12.2,99,生存のはずだがf記載なしのため99とする,12.6,5,,,12.9,5,,s ,13.4,3,4,,,13.8,4,,,,,,14.3,4,,,,,,43.24,23.41,1954.01,'07,,,,
111,65,65,65,"I,14",,330,オオシラビソ,,A,20.4,5,,21,5,,,22.7,4,,,24.2,4,6,,,24.9,5,,,落,,,26.6,5,,,,,,43.85,24.99,1954.89,'07,,,,
112,65.1,65.1,298,10,RB727,,オオシラビソ,,A,,,,,,,,,,,,8.3,4,3,,"s, 10追加",8.7,3,,,,,,8.8,2,,,,,,47.22,23.69,1953.37,'10,,1,,
113,66,66,66,"I,14",RB726,331,オオシラビソ,,A,9,99,生存のはずだがf記載なしのため99とする,9.3,3,,,9.2,3,,s ,9.6,2,3,,"s, ダケヵンに押され",9.9,2,,,前落,,,9.9,2,,,,,,47,25.39,1955.41,'07,,,,
114,67,67,67,I,,332,ダケカンバ,,Be,30,99,生存のはずだがf記載なしのため99とする,31.3,5,,,32.4,5,,s ,33.1,5,8,,s,33.9,5,,,,,,34.4,5,,,,,,49.12,27.75,1955.56,'07,,,,
115,68,68,68,I,,333,オオシラビソ,,A,15.4,4,,16.4,4,,,17,5,,,18.3,4,6,,,19.3,5,,,,,,20.9,5,,,,,,47.65,27.87,1955.71,'07,,,,
116,69,69,69,"I,14",,334,オオシラビソ,,A,17.4,5,,18.3,5,,,19,5,,,19.8,4,7,,,20.7,5,,,割,,,22.3,5,,,,,,47.33,29.03,1956.04,'07,,,,
117,96,96,96,"I,14",,361,オオシラビソ,,A,9.3,4,,9.9,5,,,10.7,5,,s ,11.8,5,6,,s,12.8,5,,,落,,,14.7,5,,,,,,44.11,29.47,1956.5,'07,,,,
118,70,70,70,I,,335,オオシラビソ,,A,13.2,99,生存のはずだがf記載なしのため99とする,13.2,1,,折根元,,-1,,"sss, 根元折",,-1,,,,,-1,,,,,,,-1,,,,,,43.85,28.37,1955.59,'07,,,,
119,71,71,71,"I,14",RB725,336,オオシラビソ,,A,12.6,4,,13.9,5,,,14.5,4,,TOP折,15.1,5,4,,,16.4,4,,top折,前落,,,17.9,3,,,,,,41.5,27.35,1955.55,'07,,,,
120,72,72,72,I,,337,オオシラビソ,,A,8,5,,8.8,5,,,9.5,5,,s ,10.6,5,5,,s,11.1,3,,幹曲,,,,11.6,4,,,,傾,,40.59,29.76,1956.6,'07,,,,
121,73,73,73,"I,14",RB728,338,オオシラビソ,,A,17.4,4,,18.2,5,,,18.8,5,,s ,19.6,5,6,,,20.4,5,,フォーク,前落,,,21.4,5,,,,,,37.94,28.27,1956.26,'07,,,,
122,,,386,19,RB33,,オオシラビソ,,A,,,,,,,,,,,,,,,,,,,,,,,,7.2,4,,,,19追加,,36.17,31.05,,'19,,,,1
123,,,387,19,RB32,,オオシラビソ,,A,,,,,,,,,,,,,,,,,,,,,,,,7.6,5,,,,19追加,,37.32,32.42,,'19,,,,1
124,94,94,94,I,,359,オオシラビソ,,A,8.9,4,,9.7,4,,,10.1,4,,"sss, 先枯",10.4,4,3,,"s, 先枯",10.5,4,,,,,,10.9,4,,,,,,38.75,30.1,1956.97,'07,,,,
125,95,95,95,I,,360,オオシラビソ,,A,10.1,5,,10.5,5,,,11,5,,sss,11.4,5,5,,s,12.5,5,,,,,,13.4,5,,,,,,41.02,32.65,1957.61,'07,,,,
126,98,98,98,I,,363,オオシラビソ,,A,10.4,5,,11.2,5,,,11.9,5,,s ,12.7,4,4.5,,s,13.6,5,,,,,,14.1,4,,,,,,45,32.07,1957.98,'07,,,,
127,97,97,97,"I,19",,362,オオシラビソ,,A,9,4,,9.7,5,,,10.2,4,,s ,10.9,4,5,,s,11.1,4,,,,,,11.8,4,,,割,,,46.99,31.71,1958.03,'07,,,,
128,100,100,100,I,,365,オオシラビソ,,A,10.5,4,,11.4,5,,,12,4,,s ,12.8,4,5,,,13.7,5,,,,,,15.2,5,,,,,,42.91,38.47,1959.76,'07,,,,
129,101,101,101,I,,366,オオシラビソ,,A,13,4,,13.4,5,,,13.4,4,,s ,14,4,4.5,,s,14.2,4,,,,,,14.8,4,,,,,,42.15,39.05,1959.8,'07,,,,
130,,,343,14,RW263,,オオシラビソ,,A,,,,,,,,,,,,,,,,,7.6,5,,14追加,加入,,,8.7,5,,,,,,41.37,39.21,,'14,,,1,
131,99.1,99.1,301,10,RB724,,オオシラビソ,,A,,,,,,,,,,,,7.5,5,3.5,,"s, 10追加",8.2,5,,,,,,9.2,4,,,,,,44.54,39.21,1959.95,'10,,1,,
132,99,99,99,I,,364,オオシラビソ,,A,12.3,4,,,-1,memoよりf0→-1修正,地上1ｍで幹折,,-1,,sss,,-1,,,,,-1,,,,,,,-1,,,,,,45.9,38.92,1959.84,'07,,,,
133,122,122,122,"I,14",RB723,387,オオシラビソ,,A,13.8,5,,14.8,5,,,15.9,4,,,17.1,5,6.5,,,18.2,4,,,割,,,19.7,4,,,,,,49.16,41.35,1962.91,'07,,,,
134,142,142,142,"I,18",,405,オオシラビソ,,A,17,4,,17.6,5,,,18.3,5,,,18.8,4,6,,,20,5,,,,落,,20.8,4,,,,,,49.16,45.15,1963.32,'07,,,,
135,143,143,143,"I,14",,406,オオシラビソ,,A,17.7,4,,18.2,4,,,18.9,5,,,19.7,5,6.4,,,20.5,5,,,落,,根元折枯,,-1,,,,根元折、枯,,48.68,46.15,1963.78,'07,,,,
136,122.1,122.1,310,10,RB721,,オオシラビソ,,A,,,,,,,,,,,,8.8,5,4,,"s, 10追加",9.2,4,,,,,,9.8,5,,,,,,45.25,42.49,1960.87,'10,,1,,
137,122.2,122.2,311,10,RB722,,オオシラビソ,,A,,,,,,,,,,,,7.9,4,3,,"s, 10追加",8.3,4,,,,,,9.1,4,,,,,,44.44,42.91,1961.24,'10,,1,,
138,123,123,123,I,,388,オオシラビソ,,A,11.9,4,,12.2,4,,,12.5,4,,s ,,-1,,,"s, 根元折枯",,-1,,,,,,,-1,,,,,,41.69,43.36,1961.44,'07,,,,
139,124,124,124,"I,10",RB718,389,オオシラビソ,,A,16.9,5,,17.3,5,,,17.8,5,,s ,18.8,4,8,,lb再設置,19.5,4,,根元割傾,,,,,-1,,,,根元折、枯,,40.62,43.69,1961.31,'07,,,,
140,126.2,126.2,313,10,RB719,,オオシラビソ,,A,,,,,,,,,,,,8.8,4,3,,"s, 10追加",9.2,4,,,,,,9.6,4,,,,,,42.32,45.55,1961.95,'10,,1,,
141,126.3,126.3,314,10,RB720,,オオシラビソ,,A,,,,,,,,,,,,8.7,5,3,,"s, 10追加",9.3,5,,,,,,10.3,5,,,,,,41.21,45.57,1961.64,'10,,1,,
142,126.1,126.1,312,10,RB717,,オオシラビソ,,A,,,,,,,,,,,,7.9,4,2.5,,"s, 10追加",8,3,,,,,,8.2,3,,,,,,39.29,44.87,1962.13,'10,,1,,
143,126,126,126,"I,10",RB716,390,オオシラビソ,,A,15.5,5,,16.7,5,,,17.6,5,,s ,18.7,4,8,,lb再設置,19.4,5,,,,,,20.9,5,,,,,,39.04,44.92,1962.13,'07,,,,
144,125,125,125,I,,389.5,オオシラビソ,,A,11.9,3,,12.4,5,,,13.1,4,,s ,13.7,4,4.5,,s,13.8,4,,,,,,14.5,3,,,,,,36.33,41.99,1961.2,'07,,,,
145,102,102,102,I,,367,オオシラビソ,,A,8.3,4,,9.3,5,,,10,5,,"s, 50cm折（折れたて）",,-1,,,"s, 倒，枯",,-1,,,,,,,-1,,,,,,32.83,38.28,1959.97,'07,,,,
146,103,103,103,"I,19",RB713,368,オオシラビソ,,A,14.3,5,,15.7,5,,,16.9,5,,,18.6,5,8,,,20.3,5,,,,,,23,5,,,埋,,,28.2,40.61,1960.27,'07,,,,
147,104,104,104,I,,369,オオシラビソ,,A,13,2,,13.6,3,,,13.9,3,,s ,14.4,3,5,,,15,4,,,,,,15.7,4,,,,,,27.81,41.72,1960.59,'07,,,,
148,105,105,105,"I,14",,370,オオシラビソ,,A,26.7,0,前後行にｆ記載あり2003死亡のため、記載なし→0に修正 [Mimatsu2007xls 99集計(03報告書整合)sheet にて2003報告書集計との整合性確認済],26.3,0,欠測のため1999､2007値を按分,地上2ｍで折枯,25.9,0,,"s, 2m折",24.7,0,,,"s, 2m折",24.6,0,,"s,2ｍ折",落,,,24.5,0,,,,2m折,,27.83,41.8,1960.62,'07,,,,
149,105.1,105.1,302,10,RB712,,オオシラビソ,,A,,,,,,,,,,,,9.5,4,3.5,,"s, 10追加",9.8,3,,斜立,,,,,-1,,,,根元折、枯,,26.14,39.3,1959.38,'10,,1,,
150,121.1,121.1,309,10,RB710,,オオシラビソ,,A,,,,,,,,10.5,4,,"sss, 07追加，進階とする",11,4,4,,s,11.1,4,,,,,,11.5,4,,,,,,23.24,39.58,1960.34,'07,1,,,
151,121,121,121,I,,386,オオシラビソ,,A,24.6,4,,25.2,4,,,25.6,3,,,26.4,3,4.5,,"s, 傾",,-1,,"s,倒伏枯",,,,,-1,,,,,,22.05,39.72,1960.34,'07,,,,
152,120,120,120,I,,385,オオシラビソ,,A,24,2,,,-1,memoよりf0→-1修正,根元から折、倒れ枯,,-1,,sss,,-1,,,,,-1,,,,,,,-1,,,,,,21.22,41.07,1960.58,'07,,,,
153,119,119,119,I,,384,オオシラビソ,,A,28.5,5,,,-1,memoよりf0→-1修正,根元から折、倒れ枯,,-1,,sss,,-1,,,,,-1,,,,,,,-1,,,,,,20.9,39.53,1960.34,'07,,,,
154,105.2,105.2,303,10,RB711,,オオシラビソ,,A,,,,,,,,,,,,9.4,4,3,,"s, 10追加",10.2,5,,,,,,11.3,5,,,,,,23.84,37.12,1958.82,'10,,1,,
155,,,388,19,RB47,,ナナカマド,,Sc,,,,,,,,,,,,,,,,,,,,,,,,9.9,5,,,,19追加,,24.84,37.15,,'19,,,,1
156,107,107,107,"I,14",,372,オオシラビソ,,A,24.9,5,,26.2,5,,,26.6,4,,,27.8,5,6,,,28.8,5,,,割,,,30.2,4,,,,,,21.56,34.45,1958.03,'07,,,,
157,,,344,14,RW251,,オオシラビソ,,A,,,,,,,,,,,,,,,,,9.5,4,,14追加,加入,,,9.6,3,,,,,,21.19,34.12,,'14,,,1,
158,108,108,108,"I,14",,373,オオシラビソ,,A,31,4,,31.6,5,,,31.8,2,,,32.3,3,7,,,32.4,2,,,落,,2m折、枯,32.4,0,,,,2m折、枯,,20.18,34.73,1958.21,'07,,,,
159,109,109,109,"I,14",RB746,374,オオシラビソ,,A,20.9,5,,21.3,5,,ラベルなし,21.6,4,,,22.6,4,6,,,23.2,4,,,落,,,24.2,4,,,,,,18.66,34.25,1958.29,'07,,,,
160,106.1,106.1,304,10,RB748,,オオシラビソ,,A,,,,,,,,,,,,8.2,4,4,,"s, 10追加",8.6,0,,1.5m折枯、小枝残,,,,8.2,0,,,,1.5m折,,18.85,32.37,1956.92,'10,,1,,
161,106.2,106.2,305,10,RB747,,オオシラビソ,,A,,,,,,,,,,,,9.4,5,4.5,,"s, 10追加",9.9,4,,,,,,10.5,4,,,,,,17.56,32.06,1956.94,'10,,1,,
162,,,389,19,RB46,,ミネカエデ,,At,,,,,,,,,,,,,,,,,,,,,,,,9,4,,,,19追加,,16.63,32.22,,'19,,,,1
163,110.1,110.1,306,10,RB744,,オオシラビソ,,A,,,,,,,,,,,,10.3,4,4,,"s, 10追加",11,4,,,,,,11.7,4,,,,,,16.89,33.08,1957.69,'10,,1,,
164,110,110,110,I,RB745,375,ダケカンバ,,Be,19.5,5,,20.2,5,,,20.5,4,,s ,21.3,4,6.5,,s,21.4,4,,,,,,21.8,4,,,,,,16.88,35.14,1958.32,'07,,,,
165,111,111,111,"I,14",,376,オオシラビソ,,A,18.7,4,,19.3,5,,ラベルなし,19.6,3,,,20.5,4,7,,,21.2,4,,,落,,,22.3,4,,,,,,15.69,34.76,1958.25,'07,,,,
166,112,112,112,I,,377,オオシラビソ,,A,31.5,5,D21.5cmと入力だが、07測定値より間違いなく10cm違うので31.5に修正,32.7,5,D22.7cmと入力だが、07測定値より間違いなく10cm違うので32.7に修正,,33.4,5,,,34.1,4,8,,,34.6,5,,,,,,35.5,4,,,,,,13.04,34.63,1958.83,'07,,,,
167,111.1,111.1,307,10,RB743,,オオシラビソ,,A,,,,,,,,,,,,8.2,4,3.5,,"s, 10追加",8.4,3,,傘状,,,,8.7,3,,,,,,14.22,32.77,1957.48,'10,,1,,
168,115.1,115.1,308,10,RB742,,オオシラビソ,,A,28.9,5,,29.5,5,,,30.4,5,,,31,4,11,,,32,4,,,,,,33,4,,,,,,7.13,32.67,1958.08,'07,1,,,
169,115,115,115,I,,380,オオシラビソ,,A,25.6,5,,26.4,5,,,26.9,4,,,27.9,4,12,,,27.9,5,,,,,,28.7,4,,,,,,7.35,32.91,1958.07,'07,,,,
170,114,114,114,I,,379,オオシラビソ,,A,15.5,5,,15.7,3,,,16.1,3,,,16.1,3,7,,,16.7,4,,,,,,16.7,4,,,,,,8.49,34.47,1958.66,'07,,,,
171,113,113,113,"I,14",,378,オオシラビソ,,A,38.6,5,,39,5,,,39.5,4,,,40.1,3,8,,,41,4,,,落,,,40.9,2,,,,top折,,12.35,36.16,1958.74,'07,,,,
172,118,118,118,I,,383,オオシラビソ,,A,15.6,3,,16.8,4,,,,-1,,"s, 1m折",,-1,,,,,-1,,,,,,,-1,,,,,,14.94,38.84,1960.13,'07,,,,
173,,,390,19,RB49,,オオシラビソ,,A,,,,,,,,,,,,,,,,,,,,,,,,7.8,4,,,,19追加,,17.94,38.17,,'19,,,,1
174,,,345,14,RW250,,オオシラビソ,,A,,,,,,,,,,,,,,,,,8.6,5,,14追加,加入,,,9.6,5,,,,,,18.53,39.66,,'14,,,1,
175,,,346,14,RW254,,ナナカマド,,Sc,,,,,,,,,,,,,,,,,9.1,5,,14追加,加入,,,9.8,4,,,,,,16.77,43.66,,'14,,,1,
176,,,347,14,RW253,,オオシラビソ,,A,,,,,,,,,,,,,,,,,10.2,5,,14追加,加入,,,11,3,,,,70cm曲,,15.02,41.76,,'14,,,1,
177,,,348,14,RW252,,ミネカエデ,,At,,,,,,,,,,,,,,,,,9.9,5,,14追加,加入,,,10.5,5,,,,,,13.26,41.58,,'14,,,1,
178,117,117,117,I,,382,オオシラビソ,,A,12.1,4,,13.1,5,,,13.1,4,,"s, top枯",13.4,2,3.5,,"s, 根元折",13.5,2,,,,,,13.5,2,,,,傾,,10.26,38.62,1960.12,'07,,,,
179,116,116,116,I,,381,ダケカンバ,,Be,10.1,0,前後行にｆ記載あり2003死亡のため、記載なし→0に修正 [Mimatsu2007xls 99集計(03報告書整合)sheet にて2003報告書集計との整合性確認済],10,0,,,,-1,,"sss, 倒れ枯",,-1,,,,,-1,,,,,,,-1,,,,,,8.06,40.56,1960.33,'07,,,,
180,130,130,130,"I,14",,394,ダケカンバ,,Be,28.9,5,,30.4,5,,,31.3,5,,s ,32.7,5,9,,s,33.7,5,,,めりこみ,,,35.7,5,,,,,,4.76,42.64,1961.97,'07,,,,
181,131,131,131,"I,14",,395,オオシラビソ,,A,32.2,5,,33.7,5,,,34.3,5,,,35.1,5,13,,,36,5,,,落,,,37.9,5,,,,,,2.9,43.9,1962.11,'07,,,,
182,132,132,132,I,,396,オオシラビソ,,A,38,5,,38.2,5,,,39.3,5,,,39.5,5,14,,,40.3,5,,,,,,40.8,4,,,,,,2.52,46.65,1963.45,'07,,,,
183,132.1,132.1,318,10,RB752,,ナナカマド,,Sc,,,,,,,,10,5,2010追加，2010-2014ΔDより推定,,10.5,5,4,,"s, 10追加",11.1,5,,,,,,11.8,4,2,,,,,3.83,50.36,1964.78,'10,,1,,
184,,,349,14,RW256,,ナナカマド,,Sc,,,,,,,,,,,,,,,,,8.9,5,,"14追加,318株",加入,,,9.9,5,+,,,,,3.83,50.36,1964.78,同株同値,,,1,
185,163,163,163,"I,14",,425,オオシラビソ,,A,20.9,5,,21.3,5,,,21.9,4,,,22,3,8,,,22.5,4,,,割,,,23.4,4,,,,,,6.04,50.6,1964.72,'07,,,,
186,162,162,162,"I,14",,424,オオシラビソ,,A,38.9,5,,39.2,4,,,39.6,4,,,40,3,15,,,40.3,3,,,割,,,41.1,4,,,,,,7.65,50.86,1965.11,'07,,,,
187,161,161,161,I,,423,オオシラビソ,,A,12.4,3,,13.1,4,,,13.7,3,,斜めに倒伏,14.2,4,6,,,15,5,,,,,,16.2,4,,,,,,8.23,49.87,1964.55,'07,,,,
188,160,160,160,"I,19",,422.5,オオシラビソ,,A,20.9,4,,21.7,3,,,22.4,4,,,22.9,4,7,,,23.5,4,,,,,,24.6,4,,,埋かけ,,,12.56,51.32,1965.74,'07,,,,
189,159,159,159,"I,14",,422,オオシラビソ,,A,17.5,3,,18,4,,,18,3,,,18.8,3,9,,,18.6,3,,,落,,,19,3,,,,,,12.45,52.17,1966.06,'07,,,,
190,158,158,158,"I,18",,421,オオシラビソ,,A,29.2,5,,30.1,5,,,30.8,4,,,31.3,4,12,,,31.8,3,,,,落,,32.7,4,,,,,,14.56,53.32,1966.2,'07,,,,
191,157,157,157,"I,19",,420,オオシラビソ,,A,11.8,4,,12.6,5,,,13.1,4,,,13.6,4,5.5,,,14.1,5,,,,,,14.7,4,,,割かけ,,,15.85,52.74,1965.85,'07,,,,
192,156,156,156,I,,419,オオシラビソ,,A,20.8,3,,20.8,4,,,20.9,3,,,21,2,7,,7m幹折,21.1,2,,,,,,,-1,,,,根元折,,16.16,54.28,1966.54,'07,,,,
193,155,155,155,"I,14",,418,オオシラビソ,,A,9.4,5,,9.8,5,,,10.5,5,,s ,10.8,4,5,,,11.7,5,,,落,,,12.5,4,,,,,,19.32,54.13,1966.2,'07,,,,
194,154.1,154.1,323,10,RB701,,ダケカンバ,,Be,,,,,,,,,,,,9.7,2,3.5,,"s, 10追加",9.7,1,,,,,,,-1,,,,根元折,,21.26,57.12,1966.97,'10,,1,,
195,,,350,14,RW255,,オオシラビソ,,A,,,,,,,,,,,,,,,,,8.3,5,,14追加,加入,,,9.2,5,,,,,,22.43,50.69,,'14,,,1,
196,136,136,136,I,,399,オオシラビソ,,A,22.1,5,,23.2,5,,,24.1,4,,,24.9,3,7,,s,25.4,2,,,,,1.5m折曲、生,26.1,1,,,,1m曲、瀕死,,21.11,51.41,1964.98,'07,,,,
197,135,135,135,"I,14",,398,オオシラビソ,,A,16.4,5,,17.2,5,,,17.9,5,,,18.7,5,4,,,19,5,,,落,,,20.3,4,,,,,,18.51,50.42,1964.9,'07,,,,
198,133,133,133,I,,397,オオシラビソ,,A,41.1,5,,41.3,4,,,41.7,4,,,41.7,3,17,,,41.6,3,,,,,,41.9,3,,,,,,14.6,47.2,1963.91,'07,,,,
199,134,134,134,"I,18",,397.5,オオシラビソ,,A,25.7,4,,26.8,4,,,27.4,5,,,27.7,4,13,,,28.2,4,,,,落,,29.1,4,,,,,,14.45,46.35,1963.48,'07,,,,
200,,,391,19,RB50,,オオシラビソ,,A,,,,,,,,,,,,,,,,,,,,,,,,8.3,4,,,,19追加,,15.19,46.66,,'19,,,,1
201,129,129,129,"I,10",RB709,393,オオシラビソ,,A,11.3,5,,11.9,5,"2000,2007測定値より12.9→11.9に修正",,12.1,5,,s ,12.6,5,5.5,,"s, lb再設置",12.9,5,,,,,,13.6,4,,,,,,21.83,43.84,1961.82,'07,,,,
202,128,128,128,"I,10",RB708,392,オオシラビソ,,A,33,99,データなしのため2003-2007ΔDより推定,34.1,5,,ラベルなし,35.2,5,,,35.9,5,15,,lb再設置,37.3,4,,,,,,38.2,4,,,,,,20.8,45.74,1963.23,'07,,,,
203,127.1,127.1,317,10,RB707,,ナナカマド,,Sc,,,,,,,,,,,,9.4,4,4,,"s, 10追加",10,5,,,,,,10.3,5,,,,,,23.44,45.95,1962.73,'10,,1,,
204,139.2,139.2,320,10,RB704,,オオシラビソ,,A,,,,,,,,,,,,9.1,3,4,,"s, 10追加",9,3,,,,,,9.1,3,,,,,,24.79,48.78,1964.31,'10,,1,,
205,137,137,137,I,,400,オオシラビソ,,A,8.9,5,,10,5,,,10.6,4,,s ,11.3,4,4,,s,11.8,4,,,,,倒、枯,,-1,,,,50cm折、枯,,24.82,50.73,1965.05,'07,,,,
206,138,138,138,I,,401,オオシラビソ,,A,11.9,5,,12,4,,,,-1,,"sss, 50cm折",,-1,,,,,-1,,,,,,,-1,,,,,,25.57,50.4,1964.98,'07,,,,
207,139,139,139,"I,10",,402,オオシラビソ,,A,17.4,5,,18.5,5,,,19,4,,ラベルなし,19.7,5,4.5,,"s, lb再設置",20.4,3,,5m折,,,,21.6,3,,,,4m折,,26.03,49.88,1964.88,'07,,,,
208,140,140,140,I,,403,オオシラビソ,,A,9.4,4,,9.7,4,,ラベル雪の下,9.9,4,,s ,10.5,5,4,,s,11.1,4,,,,,,11.8,5,,,,,,27.68,51.45,1965.05,'07,,,,
209,139.1,139.1,319,10,RB703,,オオシラビソ,,A,,,,,,,,,,,,9,4,4,,"s, 10追加",9.4,4,,,,,,10.3,4,,,,,,27.08,49.42,1964.52,'10,,1,,
210,140.1,140.1,321,10,RB705,,オオシラビソ,,A,,,,,,,,,,,,10,3,2,,"s, 10追加,傾,根元裂",,-1,,"s, 根元折",,,,,-1,,,,,,26.77,47.33,1963.02,'10,,1,,
211,140.2,140.2,322,10,RB706,,オオシラビソ,,A,,,,,,,,,,,,8.9,4,3.5,,"s, 10追加",9.4,4,,,,,,10.2,4,,,,,,28.28,46.73,1962.69,'10,,1,,
212,,,392,19,RB48,,ナナカマド,,Sc,,,,,,,,,,,,,,,,,,,,,,,,8.6,4,,,,19追加,,25.93,45.9,,'19,,,,1
213,127,127,127,"I,10",,391,オオシラビソ,,A,19.9,5,,21.3,5,,,22.3,5,,,23.2,4,9,,lb再設置,24.6,4,,,,,折倒、枯,,-1,,,,1.3m折、枯,,27.1,45.13,1962.44,'07,,,,
214,141,141,141,I,,404,オオシラビソ,,A,12.1,99,生存のはずだがf記載なしのため99とする,12.4,5,,,12.7,4,,"sss, 傾幹",13.3,4,6,,"s, 傾幹",13.5,4,,,,,,14.5,4,,,,傾,,30.43,44.51,1962.36,'07,,,,
215,126.5,126.5,316,10,RB715,,オオシラビソ,,A,,,,,,,,,,,,7,5,3,,"s, 10追加",7.4,5,,,,,,8.3,5,,,,,,35.05,45.23,1962.15,'10,,1,,
216,126.4,126.4,315,10,RB714,,オオシラビソ,,A,,,,,,,,,,,,10.5,5,4.5,,"s, 10追加",11.3,5,,,,,,12.8,5,,,,,,35.04,47.77,1963.5,'10,,1,,
217,150,150,150,I,,413,オオシラビソ,,A,57,0,前後行にｆ記載あり2003死亡のため、記載なし→0に修正 [Mimatsu2007xls 99集計(03報告書整合)sheet にて2003報告書集計との整合性確認済],57.4,0,,4ｍで幹折,57.8,0,,,57.9,0,,,,57.8,0,,幹割,,,,,-1,,,,,,40.14,56.39,1967.36,'07,,,,
218,149,149,149,I,,412,オオシラビソ,,A,26.2,5,,27.6,5,,,28.5,5,,,29,4,8.8,,,30,4,,,,,,32.4,4,,,,,,40.96,54.82,1966.47,'07,,,,
219,148,148,148,I,,411,オオシラビソ,,A,42.1,0,前後行にｆ記載あり2003死亡のため、記載なし→0に修正 [Mimatsu2007xls 99集計(03報告書整合)sheet にて2003報告書集計との整合性確認済],41.4,0,,立ち枯,41.4,0,,,42.1,0,,,幹折,39.7,0,,s,,,,40.7,0,,,,2m折,,44.03,53.76,1966.14,'07,,,,
220,147,147,147,I,,410,オオシラビソ,,A,26,5,,27,5,,,27.5,4,,,28.4,4,7.5,,,29,4,,,,,,30.3,4,,,,,,43.86,53.04,1965.88,'07,,,,
221,146,146,146,I,,409,オオシラビソ,,A,32.3,4,,33,4,,,33.9,4,,冬裂,34.6,4,10.5,,,35.2,3,,,,,,36.4,4,,,,,,45.05,51.39,1965.23,'07,,,,
222,145,145,145,I,,408,オオシラビソ,,A,31,3,,,-1,memoよりf0→-1修正,倒枯,,-1,,sss,,-1,,,,,-1,,,,,,,-1,,,,,,45.58,49.7,1964.89,'07,,,,
223,144,144,144,I,,407,オオシラビソ,,A,38.5,3,,,-1,memoよりf0→-1修正,倒枯,,-1,,sss,,-1,,,,,-1,,,,,,,-1,,,,,,46.83,50.02,1964.83,'07,,,,
224,180,180,180,I,,442,オオシラビソ,,A,8.4,3,,8.4,4,,,8.8,3,,"s, TOP枯",9.2,3,3,,"s, TOP枯",9.4,3,,,,,,10,3,,,,,,47.92,51.65,1965.42,'07,,,,
225,179,179,179,"I,14",,441,オオシラビソ,,A,14.8,5,,15.5,5,,,15.7,3,,,15.9,4,5.5,,先折,16.3,3,,,割,,,17.2,2,,,,根元割倒,,48.68,51.46,1965.39,'07,,,,
226,178,178,178,I,,440,オオシラビソ,,A,12,3,,13.3,4,,,13.6,4,,s ,14.3,4,4.5,,s,14.7,4,,,,,,15.8,5,,,,,,49.34,51.4,1965.43,'07,,,,
227,183,183,183,I,,445,オオシラビソ,,A,12.9,4,,13.6,4,,,14,4,,"s, 根元曲（曲がりたて）",14.5,2,1,,"s, 根元曲，倒",,-1,,"s,根元折",,,,,-1,,,,,,47.78,53.63,1965.97,'07,,,,
228,182,182,182,I,,444,オオシラビソ,,A,13.2,3,,,-1,memoよりf0→-1修正、D=13.3記載あったが倒伏のため空欄とする,根元から幹折,,-1,,sss,,-1,,,,,-1,,,,,,,-1,,,,,,49.38,54.76,1966.37,'07,,,,
229,181,181,181,"I,14",,443,オオシラビソ,,A,19.2,4,,19.8,3,,,20.3,4,,,20.5,4,5.9,,,20.4,3,,,割,,,20.7,4,,,,,,49.95,54.07,1966.12,'07,,,,
230,184,184,184,"I,14",,446,オオシラビソ,,A,28.4,3,,28.6,3,,6ｍで幹折,28.7,2,,,28.6,2,5.5,,,28.8,0,,,割,,,,-1,,,,1m折,,48.89,56.48,1967.43,'07,,,,
231,185,185,185,I,,447,オオシラビソ,,A,34.5,99,生存のはずだがf記載なしのため99とする,35.1,4,,,35.4,4,,s ,35.9,4,14,,,36.4,3,,,,,,37,3,,,,,,47.87,62.69,1970.35,'07,,,,
232,186,186,186,I,,448,オオシラビソ,,A,39.8,0,2003折枯D計測なしのため、1999時点で枯死と推定、記載なし→0に修正 [Mimatsu2007xls 99集計(03報告書整合)sheet にて2003報告書集計との整合性確認済],39.8,0,欠測のため1999値,1.5ｍで幹折、枯,,-1,,"s, 1.2m折",,-1,,,,,-1,,,,,,,-1,,,,,,47.56,62.88,1970.37,'07,,,,
233,187,187,187,"I,14",,449,オオシラビソ,,A,43,99,生存のはずだがf記載なしのため99とする,43.3,3,,10ｍで幹折,44.5,3,,"s, 10ｍ幹折",45,3,9.2,,幹折,45.5,3,,,幹挟まり,,,46.3,3,,,,,,45.26,62.85,1970.02,'07,,,,
234,177,177,177,"I,14",RB697,439,オオシラビソ,,A,15.4,99,生存のはずだがf記載なしのため99とする,16.2,4,,,16.7,4,,s ,17.3,3,6.3,,,18.1,4,,,前落,,,19,4,,,,,,41.61,59.89,1968.86,'07,,,,
235,176,176,176,I,,438,オオシラビソ,,A,27.4,99,生存のはずだがf記載なしのため99とする,28.3,4,,,29.1,4,,,29.6,3,10.7,,,30.4,3,,,,,,31.3,4,,,,,,40.61,61.24,1969.58,'07,,,,
236,151,151,151,"I,14",RB702,414,オオシラビソ,,A,49.7,3,,50.5,2,,幹がくちはじめている。雪,51.3,2,,積雪深計，縦割,50.8,3,7.5,,主枯，枯9.2ｍ,51.3,2,,,落,,,51.5,3,,,,主枯,,33.14,57.36,1967.75,'07,,,,
237,153,153,153,"I,14",,416,オオシラビソ,,A,32.1,5,,32.6,4,,,33.1,5,,,33.5,4,10,,,33.7,4,,,落,,,34.8,4,,,,,,28.11,55.82,1967.21,'07,,,,
238,152,152,152,I,,415,オオシラビソ,,A,44.3,5,,44.4,0,,立枯れ枝残,44.2,0,,,,-1,,,09-10冬に折,,-1,,,,,,,-1,,,,,,28.49,57.14,1967.38,'07,,,,
239,175,175,175,"I,14",,437,ナナカマド,,Sc,9.9,99,生存のはずだがf記載なしのため99とする,11.3,4,,,12,5,,sss,12.8,5,6,,s,13.6,5,,,割,,,14.3,4,,,,,,26.76,63.3,1970.01,'07,,,,
240,174,174,174,I,RW249,436,ナナカマド,,Sc,8.9,99,生存のはずだがf記載なしのため99とする,10.2,3,,オオシラビソ倒れこみ、雪の上てきとう,10.4,2,,"sss, ｵｵｼﾗﾋﾞｿ下敷き",10.3,3,4,,"s, ｵｵｼﾗﾋﾞｿ下敷き",,-1,,"s,ｵｵｼﾗﾋﾞｿ下敷枯",,,,,-1,,,,,,26,63.06,1969.87,'07,,,,
241,173,173,173,"I,14",,435,オオシラビソ,,A,26.4,99,生存のはずだがf記載なしのため99とする,26.8,5,,,27.2,4,,,27.3,2,10,,,27.4,2,,,落,,,27.5,2,,,,TOPなし,,24.42,61,1969.33,'07,,,,
242,154,154,154,I,,417,オオシラビソ,,A,48.5,4,,48.3,4,"2000,2007測定値より50.3→48.3に修正",,48.3,3,,幹縦割,49,3,9,,,49.7,2,,幹割,,,,50.5,2,,,,幹割,,24.3,57.89,1967.6,'07,,,,
243,172,172,172,"I,14",,434,オオシラビソ,,A,29.3,99,生存のはずだがf記載なしのため99とする,30.2,5,,,30.7,4,,,31.5,4,9.7,,,32.2,3,,,割,,,33.5,4,,,,,,16.36,56.98,1967.85,'07,,,,
244,170,170,170,I,,432,オオシラビソ,,A,32.9,99,生存のはずだがf記載なしのため99とする,33.8,5,,,34.5,5,,,35.1,4,12,,,36,4,,,,,,37.3,4,,,,,,12.5,58.1,1968.4,'07,,,,
245,,,393,19,RB51,,ナナカマド,,Sc,,,,,,,,,,,,,,,,,,,,,,,,9.1,5,,,,19追加,,12.86,58.82,,'19,,,,1
246,171,171,171,I,,433,オオシラビソ,,A,38.9,99,生存のはずだがf記載なしのため99とする,39.1,4,,,39.5,3,,,39.5,2,9.5,,フォーク型,39.7,0,,,,,,39.7,0,,,,,,11.82,59.27,1969.59,'07,,,,
247,171.1,171.1,325,10,RB757,,オオシラビソ,,A,10.5,99,データなしのため2003-2007ΔDより推定,10.6,4,,,10.7,3,,ss,10.8,4,3.5,,s,11.2,3,,,,,,11.4,3,,,,,,11.73,59.63,1969.6,'07,1,,,
248,,,394,19,RB52,,ミネカエデ,,At,,,,,,,,,,,,,,,,,,,,,,,,8.8,5,,,,19追加,,10.32,58.39,,'19,,,,1
249,169.1,169.1,324,10,RB756,,ナナカマド,,Sc,,,,,,,,,,,,9.8,5,4,,"s, 10追加",10.5,5,,,,,,11.3,5,,,,,,6.71,58.32,1968.3,'10,,1,,
250,237,237,237,I,,499,オオシラビソ,,A,6.7,99,生存のはずだがf記載なしのため99とする,7.2,4,,,7.4,4,,sss,7.5,4,4,,s,7.8,3,,,,,,8.3,3,,,,,,5.85,59.49,1969.16,'07,,,,
251,169,169,169,"I,14",RB755,431,オオシラビソ,,A,23.7,99,生存のはずだがf記載なしのため99とする,24.6,5,,,25.2,5,,,25.5,5,12,,,26.8,4,,,落,,,27.6,4,,,,,,4.11,59.17,1968.97,'07,,,,
252,168,168,168,"I,14",,430,オオシラビソ,,A,18.9,99,生存のはずだがf記載なしのため99とする,20,4,,,20.5,4,,,20.9,4,10,,,21.4,4,,,割,,,22.4,4,,,,,,3.09,58.02,1968.57,'07,,,,
253,166,166,166,"I,14",,428,オオシラビソ,,A,11.2,99,生存のはずだがf記載なしのため99とする,11.5,4,,,11.6,3,,,11.8,3,5,,,12.1,3,,,落,,,12.4,3,,,,,,2.78,57.52,1968.17,'07,,,,
254,165,165,165,I,,427,オオシラビソ,,A,10.4,99,生存のはずだがf記載なしのため99とする,10.9,4,,,11.2,3,,,11.4,4,4,,s,11.7,4,,,,,,12.1,4,,,,,,2.86,56.89,1967.99,'07,,,,
255,164,164,164,I,,426,オオシラビソ,,A,12,99,生存のはずだがf記載なしのため99とする,12.7,3,欠測のためDは1999､2007値を按分、fは2007と同値とする,,13.2,3,,,13.2,4,4,,,13.7,4,,,,,,14.4,4,,,,,,0.13,54.36,1967.17,'07,,,,
256,167,167,167,"I,14",RB753,429,オオシラビソ,,A,23,99,生存のはずだがf記載なしのため99とする,24.2,5,,,24.5,4,,,25.4,4,13,,,25.9,4,,,落,,,27.2,4,,,,,,-0.19,54.71,1967.27,'07,,,,
257,234,234,234,"I,14",RB754,496,オオシラビソ,,A,10.7,99,生存のはずだがf記載なしのため99とする,10.9,4,,,11,4,,ss,11.5,4,4.5,,"s, lb落",,-1,,"s,根元折",前落,,,,-1,,,,,,0.66,59.57,1969.15,'07,,,,
258,235,235,235,I,,497,オオシラビソ,,A,7,99,生存のはずだがf記載なしのため99とする,7.3,4,,,7.3,3,,ss,7.6,3,2.5,,s,7.7,3,,,,,,8.1,3,,,,,,1.76,61.28,1970.23,'07,,,,
259,236,236,236,I,,498,オオシラビソ,,A,47.4,99,生存のはずだがf記載なしのため99とする,47.9,4,,,48.9,5,,,48.6,3,14.2,,,49,3,,,,,,49.5,4,,,,,,1.97,61.97,1970.5,'07,,,,
260,,,395,19,RB56,,ミネカエデ,,At,,,,,,,,,,,,,,,,,,,,,,,,9.3,4,,,,19追加,,0.81,65.9,,'19,,,,1
261,254,254,254,"I,14",,516,オオシラビソ,,A,25.6,99,生存のはずだがf記載なしのため99とする,26.2,4,,,27,4,,,27.4,3,10.2,,,27.5,4,,,落,,,28.7,4,,,,,,4.97,61.93,1970.59,'07,,,,
262,253,253,253,I,,515,オオシラビソ,,A,35.4,0,2003D計測ありだが枯死のため、1999時点で枯死と推定、記載なし→0に修正 [Mimatsu2007xls 99集計(03報告書整合)sheet にて2003報告書集計との整合性確認済],35.4,0,,立枯、小枝付,35.5,0,,,35.6,0,,,,35.5,0,,,,,,35.1,0,,,,,,6.22,62.49,1970.91,'07,,,,
263,252,252,252,"I,18",,514,オオシラビソ,,A,18.6,99,生存のはずだがf記載なしのため99とする,19.4,5,,,20.2,4,,二叉,20.4,2,7.7,,,21.1,3,,,,落,,22.4,3,,,,先二股,,7.6,62.11,1970.49,'07,,,,
264,251,251,251,I,RB758,513,ダケカンバ,,Be,28.5,99,生存のはずだがf記載なしのため99とする,29.9,5,,,31.4,5,,,31.9,5,8,,,33.1,4,幹割のためD99-D10のΔDから推定（計測値D36.8で幹割れ影響で過大すぎる）,幹割、ラベル位置70cm上移動D28.2,,,,33.3,2,,2014に上移動したラベル位置で0.2cm増加のため、元ラベル位置換算33.3cmとする,,幹割、計測D28.6,,8.05,65.79,1971.67,'07,,,,
265,255,255,255,"I,18",,517,オオシラビソ,,A,28.7,4,,30.1,4,,,30.6,4,,,31.1,4,11.6,,,31.8,4,,,,割,,33.5,4,,,,,,4.34,68.01,1972.81,'07,,,,
266,256.1,256.1,333,10,RB759,,オオシラビソ,,A,,,,,,,,10.2,4,,"sｓ, 07追加，進階",10.6,3,3,,,11.2,3,,,,,,11.2,3,,,,,,6.37,68.59,1973.28,'07,1,,,
267,256,256,256,"I,14",RB760,518,オオシラビソ,,A,35,3,,35.4,3,,,37,3,,,36.7,2,12.2,,,36.5,1,,,割,,1m折、枯,,-1,,,,1m折、枯,,6.46,68.85,1973.34,'07,,,,
268,257,257,257,I,,519,オオシラビソ,,A,9.6,4,,10.3,4,,,11.1,3,,,11.9,4,4.5,,s,12.5,4,,,,,2018台21号根返り、20181004円盤採取,,-1,,,,2018台21号根返,,8.22,69.86,1974.19,'07,,,,
269,258,258,258,"I,14",RW248,520,オオシラビソ,,A,35,3,,35.4,3,,,35.8,4,,,36.1,5,11,,,37,5,,,落,,2018台21号根返り、20181004円盤採取,,-1,,,,2018台21号根返,,7.67,70.87,1974.32,'07,,,,
270,,,396,19,RB57,,ナナカマド,,Sc,,,,,,,,,,,,,,,,,,,,,,,,9.6,4,2,,,19追加,,10.8,70.86,,'19,,,,1
271,,,397,19,RB58,,ナナカマド,,Sc,,,,,,,,,,,,,,,,,,,,,,,,9.5,4,+,,,19追加,,10.8,70.86,,同株同値,,,,1
272,259,259,259,"I,18",,521,オオシラビソ,,A,19.6,4,,19.8,4,,,19.9,3,,4.5m折,20.2,2,5,,,20.4,2,,,,割,,20.8,2,,,,topなし,,12.57,69.24,1973.35,'07,,,,
273,260,260,260,I,,522,オオシラビソ,,A,22.8,4,,23.8,4,,,24.6,4,,,25.5,4,11,,,26,4,,,,,,27.6,4,,,,,,12.89,68.77,1973.33,'07,,,,
274,261,261,261,"I,18",,523,オオシラビソ,,A,20.2,4,データなしのため2003-2007ΔDより推定,20.6,4,,,21,3,,4.5m折,21.2,3,6,,,22,3,,,,割,,22.9,3,,,,,,13.12,69.17,1973.34,'07,,,,
275,,,351,14,RW247,,ナナカマド,,Sc,10.1,99,2014追加、2014-2019ΔDより推定,10.6,5,2014追加、2014-2019ΔDより推定,,11.1,5,2014追加、2014-2019ΔDより推定,,11.4,5,,2014追加、2014-2019ΔDより推定,,11.9,5,,14追加,加入,,,12.5,5,,,,,,11.96,67.6,,'14,,,1,
276,250,250,250,I,,512,ダケカンバ,,Be,13.9,99,生存のはずだがf記載なしのため99とする,14.2,4,,,14.5,4,,ss,14.8,5,5,,s,14.9,4,,,,,,15.4,4,,,,,,13.43,67.82,1972.53,'07,,,,
277,248,248,248,I,,510,オオシラビソ,,A,10.1,99,生存のはずだがf記載なしのため99とする,10.5,4,,,10.6,3,,おされ,10.8,4,5.5,,,11.1,2,,幹折傾,,,,11.1,3,,,,傾,,15.35,65.35,1971.49,'07,,,,
278,249,249,249,"I,14",,511,オオシラビソ,,A,34.3,0,2003D計測ありだが枯死のため、1999時点で枯死と推定、記載なし→0に修正 [Mimatsu2007xls 99集計(03報告書整合)sheet にて2003報告書集計との整合性確認済],34.5,0,,立枯,34.5,0,,,34,0,,,,34.5,0,,s,落,,,,-1,,,,1.3m折,,14.73,65.25,1971.58,'07,,,,
279,238,238,238,I,,500,オオシラビソ,,A,26.3,99,生存のはずだがf記載なしのため99とする,27.5,5,,,28.3,5,,,29.1,4,10.5,,,29.8,4,,,,,,31.4,4,,,,,,13.69,64.19,1971.26,'07,,,,
280,239,239,239,I,,501,オオシラビソ,,A,6.2,99,生存のはずだがf記載なしのため99とする,6.5,3,,,6.6,3,,,6.9,3,2.5,,s,6.9,3,,,,,,7.2,3,,,,,,14.8,63.32,1970.65,'07,,,,
281,240,240,240,"I,18",,502,オオシラビソ,,A,6.5,99,生存のはずだがf記載なしのため99とする,6.8,3,,ラベルとれ,7,3,,,6.9,3,2.5,,,7.4,3,,,,落,,7.7,3,,,,,,16.13,63.02,1970.47,'07,,,,
282,241,241,241,"I,14",,503,オオシラビソ,,A,26.4,99,生存のはずだがf記載なしのため99とする,28,5,,,28.3,5,,,29,4,10.5,,,29.8,2,,落葉,落,,,31.1,3,,,,,,16.44,63.48,1971.1,'07,,,,
283,242,242,242,I,,504,オオシラビソ,,A,35.6,99,生存のはずだがf記載なしのため99とする,36.5,5,,,37.7,5,,,38.4,4,13.7,,,38.7,3,,落葉,,,,40.4,4,,,,,,20.18,66.44,1972.29,'07,,,,
284,243,243,243,I,,505,ダケカンバ,,Be,15.8,99,生存のはずだがf記載なしのため99とする,17.4,5,,,18.1,5,,ss,18.9,5,6.5,,s,20.2,5,,,,,,21.1,5,,,,,,20.99,68.12,1972.7,'07,,,,
285,244,244,244,I,,506,オオシラビソ,,A,12,99,生存のはずだがf記載なしのため99とする,12.7,4,,,13.2,4,,"s, №190そば",14,3,1.3,,傘型,15.1,3,,,,,,16.2,3,,,,topなし,,24.62,65.64,1970.79,'07,,,,
286,190,190,190,I,,452,オオシラビソ,,A,8.9,99,生存のはずだがf記載なしのため99とする,9.4,5,,,9.9,4,,s ,10.4,5,3.5,,,10.9,5,,,,,,11.8,5,,,,,,25.66,66.55,1971.63,'07,,,,
287,191,191,191,"I,19",,453,オオシラビソ,,A,9.5,99,生存のはずだがf記載なしのため99とする,9.7,3,,,10.2,3,,s ,10.4,3,3.5,,,10.8,3,,,,,,11.5,3,,,落かけ,,,26.92,68.11,1971.96,'07,,,,
288,192,192,192,I,,454,オオシラビソ,,A,38.9,99,生存のはずだがf記載なしのため99とする,40.8,5,,,41.7,5,,,42.9,5,14.5,,,43.6,5,,,,,,45.9,5,,,,太る,,27.62,68.86,1972.1,'07,,,,
289,193,193,193,I,,455,オオシラビソ,,A,58,0,2003折枯D計測なしのため、1999時点で枯死と推定、記載なし→0に修正 [Mimatsu2007xls 99集計(03報告書整合)sheet にて2003報告書集計との整合性確認済],58,0,欠測のため1999値,1.6ｍで幹折,,-1,,"sｓ, 1.3m折",,-1,,,,,-1,,,,,,,-1,,,,,,27.49,70.58,1973.51,'07,,,,
290,214,214,214,I,,476,オオシラビソ,,A,8.2,99,生存のはずだがf記載なしのため99とする,8.4,3,,ねている,8.4,2,,"sｓ, ねている",,-1,,,"s, 倒,枯",,-1,,,,,,,-1,,,,,,34.81,71.42,1972.91,'07,,,,
291,215,215,215,I,,477,オオシラビソ,,A,16.8,99,生存のはずだがf記載なしのため99とする,17.6,3,,4ｍで幹折,18.1,3,,,18.7,3,4,,先折,19.5,3,,,,,,20.2,3,,,,,,34.22,70.16,1972.97,'07,,,,
292,193.1,193.1,326,10,RB700,,ナナカマド,,Sc,,,,10,5,2010追加，2010-2014ΔDより推定,,10.2,5,2010追加，2010-2014ΔDより推定,,10.4,5,4,,"s, 10追加",10.6,4,,,,,,10.7,4,,,,,,31,67.39,1971.07,'10,,1,,
293,194,194,194,"I,14",,456,オオシラビソ,,A,42.4,99,生存のはずだがf記載なしのため99とする,43.6,4,,,44.6,4,,,45.3,5,15.4,,,46.2,4,,,割,,,47.7,4,,,,,,33.52,66.6,1971.31,'07,,,,
294,195,195,195,"I,14",,457,オオシラビソ,,A,6.3,99,生存のはずだがf記載なしのため99とする,6.6,3,,かさ,6.9,3,,"sｓ, かさ",7,3,2.5,,s,7.1,3,,,位置上げ,,,7.3,2,,,,,,35.52,66.93,1971.05,'07,,,,
295,,,352,14,RW259,,ナナカマド,,Sc,,,,,,,,,,,,,,,,,9.6,5,,14追加,加入,,,10.6,5,,,,,,32.58,65.17,,'14,,,1,
296,,,353,14,RW258,,ナナカマド,,Sc,,,,,,,,,,,,,,,,,9.4,5,,14追加,加入,,,10.2,5,3,,,,,34.06,66.04,,'14,,,1,
297,,,398,19,RB54,,ナナカマド,,Sc,,,,,,,,,,,,,,,,,,,,,,,,9,5,+,,,19追加、353株,,34.06,66.04,,同株同値,,,,1
298,,,399,19,RB55,,ナナカマド,,Sc,,,,,,,,,,,,,,,,,,,,,,,,9.8,4,+,,,19追加、353株,,34.06,66.04,,同株同値,,,,1
299,188,188,188,"I,10",RB698,450,ナナカマド,,Sc,8,99,データなしのため2003-2007ΔDより推定、fは2003値,8.2,5,,03集計に入れず,8.4,4,,sss,9.1,5,5,,"s, lb再設置",9.3,5,,,,,,9.9,4,,,,,,34.37,64.45,1970.37,'07,,,,
300,189,189,189,"I,10",RB699,451,ナナカマド,,Sc,6.5,99,データなしのため2003-2007ΔDより推定、fは2003値,7,5,,03集計に入れず,7.5,4,,sss,7.8,4,5,,"s, lb再設置",8.3,4,,,,,,8.4,3,2,,,,,34.82,64.63,1970.35,'07,,,,
301,,,400,19,RB53,,ナナカマド,,Sc,,,,,,,,,,,,,,,,,,,,,,,,9.7,4,+,,,19追加、189株,,34.82,64.63,1970.35,同株同値,,,,1
302,211,211,211,I,,473,オオシラビソ,,A,7.3,99,生存のはずだがf記載なしのため99とする,7.7,4,,,8,4,,ss,8.5,4,3.5,,,8.9,3,,,,,,9.4,3,,,,,,41.61,72.76,1974.24,'07,,,,
303,196,196,196,I,,458,ダケカンバ,,Be,22.5,99,生存のはずだがf記載なしのため99とする,23.5,5,,,24.1,5,,ss,24.9,5,9,,s,25.8,5,,,,,,27.7,5,,,,,,42.75,73.23,1974.19,'07,,,,
304,197,197,197,I,,459,ダケカンバ,,Be,18.2,99,生存のはずだがf記載なしのため99とする,18.7,4,,雪の下,18.6,4,,ss,18.7,4,4.5,,s,18.7,4,,,,,,18.7,3,,,,,,43.03,72.66,1974.4,'07,,,,
305,197.1,197.1,327,10,RB693,,ダケカンバ,,Be,13.1,99,2007追加のため2007-2010ΔDより推定,13.3,4,2007追加のため2007-2010ΔDより推定,,13.6,4,,"sｓ, 07追加",13.8,3,3,,"s, 釘有",13.7,1,,,釘ぬけかけ,,,14.1,0,,,,,,43.03,72.66,1974.4,'07,1,,,
306,198,198,198,"I,10",RB695,460,ダケカンバ,,Be,25.8,99,生存のはずだがf記載なしのため99とする,26.2,5,,雪の下,26.3,5,,ss,26.8,5,7,,"s, lb再設置",26.9,5,,,,,,27.2,4,,,,,,43.3,72.12,1974.35,'07,,,,
307,198.1,198.1,328,10,RB694,,ダケカンバ,,Be,19.6,99,2007追加のため2007-2010ΔDより推定,20,5,2007追加のため2007-2010ΔDより推定,,20.4,5,,"sｓ, 07追加",20.7,5,8,,"s, 釘有",20.7,5,,,,,,21.4,4,,,,,,43.3,72.12,1974.35,'07,1,,,
308,199,199,199,I,,461,ダケカンバ,,Be,18.6,99,生存のはずだがf記載なしのため99とする,18.7,3,,雪の下,18.6,3,,ss,18.9,3,5,,s,18.7,3,,,,,,19.1,3,,,,,,43.56,71,1973.84,'07,,,,
309,200,200,200,I,RB696,462,ダケカンバ,,Be,26.5,99,生存のはずだがf記載なしのため99とする,27.2,5,,,27.5,5,,"s, 計測位置185近く",27.8,5,9,,"s, 計測位置185近く",28,5,,,,,,28.5,4,,,,根返ｵｵｼﾗﾋﾞｿ下敷,,50.16,68.91,1972.57,'07,,,,
310,201,201,201,I,,463,オオシラビソ,,A,7,99,データなしのため2003-2007ΔDより推定、fは2003値,7.2,4,,,7.4,1,,"sｓ, 1.7ｍ折",,-1,,,"s, 1m折",,-1,,,,,,,-1,,,,,,50.79,67.76,1972.14,'07,,,,
311,203,203,203,I,,465,オオシラビソ,,A,25.2,99,生存のはずだがf記載なしのため99とする,26.1,4,,,27,4,,,27.2,3,10.1,,,28.1,3,,,,,,29.2,3,,,,,,51.39,73.21,1975.52,'07,,,,
312,202,202,202,I,,464,オオシラビソ,,A,35.5,99,生存のはずだがf記載なしのため99とする,35.8,1,,,35.8,1,,,35.1,0,,,,36,0,,,,,,35.4,0,,,,,,51.16,73.58,1975.67,'07,,,,
313,204,204,204,I,,466,オオシラビソ,,A,18,99,生存のはずだがf記載なしのため99とする,18.5,3,,地上3ｍで幹折,,-1,,"sｓ, 根元折，つい最近",,-1,,,,,-1,,,,,,,-1,,,,,,51.22,75.21,1976.04,'07,,,,
314,205,205,205,"I,18",,467,オオシラビソ,,A,7.5,99,生存のはずだがf記載なしのため99とする,8.4,4,,,8.8,4,,ss,9.1,4,3.5,,,10,4,,,,落,,10.9,4,,,,,,48.35,73.66,1975,'07,,,,
315,206,206,206,I,,468,オオシラビソ,,A,5.7,99,生存のはずだがf記載なしのため99とする,5.8,4,,,6.2,4,,ss,6.4,4,3.4,,,6.9,4,,,,,,7.3,4,,,,,,47.54,71.66,1975.29,'07,,,,
316,207,207,207,I,,469,オオシラビソ,,A,7,99,生存のはずだがf記載なしのため99とする,7.7,4,,,8.7,3,,,8.5,3,3,,,9,4,,,,,,9.9,4,,,,,,44.26,72.77,1974.72,'07,,,,
317,208,208,208,I,,470,オオシラビソ,,A,14.5,99,生存のはずだがf記載なしのため99とする,15.3,5,,,15.8,5,,ss,16.3,4,5,,"208,209抱合",16.8,4,,,,,,18.6,4,,,,,,44.39,73.19,1974.72,'07,,,,
318,209,209,209,"I,14",RB692,471,オオシラビソ,,A,9.1,99,生存のはずだがf記載なしのため99とする,9.1,3,,幹半分割,9.3,2,,"sｓ, 幹半分割",9.6,3,4,,,10.4,2,,,前落,,,10.9,2,,,,幹割,,44.62,73.86,1974.72,'07,,,,
319,223,223,223,I,,485,オオシラビソ,,A,26.8,99,生存のはずだがf記載なしのため99とする,27.9,3,,,28.8,3,,,29.6,3,11,,,30.5,3,,,,,2018台21号6m折TOP欠損化,31.7,3,,,,2018台21号6m折TOP欠損化,,47.11,75.81,1975.56,'07,,,,
320,222,222,222,I,,484,オオシラビソ,,A,45.2,99,生存のはずだがf記載なしのため99とする,45.8,4,,,45.9,4,,,46.5,3,15,,,46.7,2,,,,,,47,3,,,,,,45.12,76.74,1975.69,'07,,,,
321,210,210,210,"I,14",,472,オオシラビソ,,A,36.4,99,生存のはずだがf記載なしのため99とする,37.4,4,,,38.1,4,,,38.4,4,13.4,,,39.1,4,,,割,,,39.6,4,,,,,,41.82,74.64,1974.83,'07,,,,
322,212,212,212,"I,14",,474,ダケカンバ,,Be,23.8,99,生存のはずだがf記載なしのため99とする,25.4,5,,,26.6,5,,ss,27.8,5,7,,s,28.9,5,,,めりこみ,,,29.9,5,,,,,,40.74,78.8,1974.64,'07,,,,
323,213,213,213,I,RW257,475,ダケカンバ,,Be,16.8,99,生存のはずだがf記載なしのため99とする,17.8,4,,,18.1,4,,ss,19,4,4,,s,19.2,4,,s,,,,20,4,,,,,,41.1,78.83,1974.62,'07,,,,
324,221,221,221,I,,483,オオシラビソ,,A,47.9,99,生存のはずだがf記載なしのため99とする,48.8,3,,,49.2,3,,,49.9,2,15.3,,,49.8,2,,,,,,50.5,2,,,,,,37.72,79.78,1975.01,'07,,,,
325,220,220,220,"I,19",,482,オオシラビソ,,A,15.9,99,生存のはずだがf記載なしのため99とする,16.5,4,,,17.1,4,,,17.7,4,7,,,18.7,4,,,,,,20.5,4,,,割,,,39.15,76.94,1974.31,'07,,,,
326,216,216,216,I,,478,オオシラビソ,,A,12.3,0,2003折枯D計測なしのため、1999時点で枯死と推定、記載なし→0に修正 [Mimatsu2007xls 99集計(03報告書整合)sheet にて2003報告書集計との整合性確認済],,-1,memoよりf0→-1修正,根元から折,,-1,,ss,,-1,,,,,-1,,,,,,,-1,,,,,,28.96,74.55,1974.55,'07,,,,
327,217,217,217,I,,479,オオシラビソ,,A,74.1,99,生存のはずだがf記載なしのため99とする,76.2,3,,6ｍで幹折,78.9,3,,D増大きいが幹割れも影響,78.9,1,1,折損でD計測不能のため2007値使用,"s, 1m折，葉は生",,-1,,"s,1.2m折",,,,,-1,,,,,,28.7,75.27,1974.58,'07,,,,
328,245,245,245,"I,14",,507,オオシラビソ,,A,52.8,99,生存のはずだがf記載なしのため99とする,52.9,4,,,53.7,1,,4m折,53.5,0,,,,53.5,0,,"s,3m折",落,,,,-1,,,,根元折,,23.52,73.74,1974.49,'07,,,,
329,246,246,246,I,,508,オオシラビソ,,A,72.7,0,2003折枯D計測なしのため、1999時点で枯死と推定、記載なし→0に修正 [Mimatsu2007xls 99集計(03報告書整合)sheet にて2003報告書集計との整合性確認済],72.7,0,欠測のため1999値,地上3ｍで折枯、古い,,-1,,"sｓ, 1ｍ折",,-1,,,,,-1,,,,,,,-1,,,,,,20.99,72.72,1974.67,'07,,,,
330,247,247,247,"I,14",,509,オオシラビソ,,A,7.5,99,生存のはずだがf記載なしのため99とする,8.6,5,,,9.4,5,,ss,10.9,5,4,,,12.5,5,,,落,,,15.1,5,,,,,,19.02,71.55,1974.02,'07,,,,
331,262,262,262,I,,524,オオシラビソ,,A,10.5,0,2003折枯D計測なしのため、1999時点で枯死と推定、記載なし→0に修正 [Mimatsu2007xls 99集計(03報告書整合)sheet にて2003報告書集計との整合性確認済],,-1,memoよりf0→-1修正,円板60ｃｍで幹折,,-1,,ss,,-1,,,,,-1,,,,,,,-1,,,,,,17.63,74.24,1974.9,'07,,,,
332,,,354,14,RW260,,オオシラビソ,,A,,,,,,,,,,,,,,,,,9.7,4,,14追加,加入,,,10.8,4,,,,曲,,21.34,74.74,,'14,,,1,
333,263,263,263,"I,14",,525,オオシラビソ,,A,22.8,99,生存のはずだがf記載なしのため99とする,24.2,3,,地上3.5ｍ折,25.5,3,,"sｓ, 地上3.5ｍ折",26.7,3,4,,,28,2,,4m折,めりこみ,,,29.9,3,,,,4m折,,19.51,76.72,1975.31,'07,,,,
334,,,401,19,RB59,,オオシラビソ,,A,,,,,,,,,,,,,,,,,,,,,,,,7,5,,,,19追加,,17.37,77.56,,'19,,,,1
335,264,264,264,"I,14",,526,オオシラビソ,,A,18.7,99,生存のはずだがf記載なしのため99とする,20,4,,,21.1,4,,,22.3,4,6,,,23.5,4,,,割,,1.3m折、枯,,-1,,,,1.3m折、枯,,15.28,75.28,1975.61,'07,,,,
336,265,265,265,I,,527,オオシラビソ,,A,11.6,99,生存のはずだがf記載なしのため99とする,11.8,3,,,12.1,3,,"sｓ, TOPなし",12.9,3,3,,s,13.4,3,,,,,,13.9,3,,,,,,15.26,78.08,1975.95,'07,,,,
337,266,266,266,I,,528,オオシラビソ,,A,45.1,0,2003D計測ありだが枯死のため、1999時点で枯死と推定、記載なし→0に修正 [Mimatsu2007xls 99集計(03報告書整合)sheet にて2003報告書集計との整合性確認済],,-1,memoよりf0→-1修正、D=46.6記載あったが倒伏のため空欄とする,倒枯,,-1,,ss,,-1,,,,,-1,,,,,,,-1,,,,,,12.11,78.44,1976.44,'07,,,,
338,267,267,267,"I,18",,529,オオシラビソ,,A,30.2,99,生存のはずだがf記載なしのため99とする,30.8,3,,,31.9,3,,,32.8,2,11,,,33.1,4,,,,落,,35.1,4,,,,,,12.19,75.05,1975.4,'07,,,,
339,268,268,268,"I,14",RB762,530,ナナカマド,,Sc,7.5,99,生存のはずだがf記載なしのため99とする,7.8,4,,,8.1,4,,ss,8.7,5,3.5,,"s, lb落",9.5,5,,,前落,,,10.8,5,,,,,,11.19,76.59,1975.79,'07,,,,
340,269,269,269,"I,19",RB761,531,ナナカマド,,Sc,6.2,99,生存のはずだがf記載なしのため99とする,7.3,5,,ラベル+100,8,5,,ss,9.1,5,4,,s,10.1,5,,,,,,11.4,5,,,埋,,,11.28,75.13,1975.57,'07,,,,
341,270,270,270,I,,532,オオシラビソ,,A,49.4,99,生存のはずだがf記載なしのため99とする,49.8,3,,,50.3,3,,,50.7,2,14,,,50.6,2,,,,,,50.8,2,,,,,,7.23,74.98,1976.05,'07,,,,
342,271.2,271.2,335,10,RB764,,ナナカマド,,Sc,,,,,,,,,,,,9.2,5,4.5,,"s, 10追加",9.7,5,,,,,,10.4,4,2,,,,,0.23,75.01,1975.02,'10,,1,,
343,,,402,19,RB60,,ナナカマド,,Sc,,,,,,,,,,,,,,,,,,,,,,,,9.1,4,+,,,19追加、335株,,0.23,75.01,1975.02,同株同値,,,,1
344,271,271,271,I,RB763,533,ダケカンバ,,Be,24.2,99,生存のはずだがf記載なしのため99とする,25.2,4,,,26.3,4,,ss,27.6,4,5,,s,28,5,,,,,,30.3,5,,,,,,0.56,78.41,1976.16,'07,,,,
345,271.1,271.1,334,10,RB765,,オガラバナ,,Au,,,,,,,,,,,,9.5,4,5,,"s, 10追加",10.8,5,,,,,,11.8,4,,,,,,0.26,78.4,1976.16,'10,,1,,
346,272,272,272,"I,14",RB766,534,オオシラビソ,,A,18.3,99,生存のはずだがf記載なしのため99とする,19.7,4,,,20,4,,,20.8,4,6,,,22.2,3,,ﾀﾞｹとこすれ皮剥,落,,根元折、枯,,-1,,,,根元折、枯,,0.95,79.32,1976.73,'07,,,,
347,273,273,273,I,RB767,535,ダケカンバ,,Be,17.3,99,生存のはずだがf記載なしのため99とする,18.5,5,,,18.8,4,,ss,20,4,7,,s,21.2,5,,,,,,22.6,5,,,,,,0.93,84.77,1978.2,'07,,,,
348,274,274,274,"I,19",RB768,536,ダケカンバ,,Be,16.7,99,生存のはずだがf記載なしのため99とする,17.5,4,,,18.3,4,,"sｓ, TOP枯",19.1,4,5,,s,20.2,4,,,,,,21.4,4,,,落,,,0.71,86.07,1978.42,'07,,,,
349,275,275,275,I,,537,オオシラビソ,,A,28.3,99,生存のはずだがf記載なしのため99とする,28.7,2,,,29.1,2,,,29.6,0,8,,s,,-1,,,,,,,-1,,,,,,7.2,79.63,1977.08,'07,,,,
350,276,276,276,I,,538,オオシラビソ,,A,51.3,99,生存のはずだがf記載なしのため99とする,52.5,2,,特に先端部,53.3,2,,,53.3,2,7.5,,先枯，枯H14.6,55,2,,,,,,55.8,2,2,,,,,8.21,82.24,1977.54,'07,,,,
351,,,355,14,RW246,,オオシラビソ,,A,12,99,2014追加、2014-2019ΔDより推定,12.4,3,2014追加、2014-2019ΔDより推定,,12.8,3,2014追加、2014-2019ΔDより推定,,13.1,3,,2014追加、2014-2019ΔDより推定,,13.5,3,,"14追加,276株",加入,,,14,2,+,,,,,8.21,82.24,1977.54,同株同値,,,1,
352,277,277,277,I,,539,オオシラビソ,,A,47.4,99,生存のはずだがf記載なしのため99とする,48.4,2,,,49.1,2,,,49.7,2,10,,先枯，枯H14.4,50.7,2,,凍裂？,,,,,-1,,,,根元折,,12.75,85.95,1978.19,'07,,,,
353,278,278,278,"I,18",,540,オオシラビソ,,A,9.3,99,生存のはずだがf記載なしのため99とする,10.2,5,,,10.8,5,,ss,11.7,4,5,,,12.8,4,,,,落,,14.8,5,,,,胸高上皮むけ,,25.46,85.21,1976.87,'07,,,,
354,218,218,218,"I,14",,480,ダケカンバ,,Be,21.9,99,生存のはずだがf記載なしのため99とする,23.5,5,,,25,4,,ss,26.9,4,5,,s,28.5,5,,,めりこみ,,,30.8,5,6,,,,,25.93,84.31,1976.5,'07,,,,
355,219,219,219,"I,10",RB691,481,ダケカンバ,2007調査にてオオシラビソ→ダケカンバに修正,Be,14,99,データなしのため2007-2010ΔDより推定、fは2007値,15,5,データなしのため2007-2010ΔDより推定、fは2007値,,16.1,5,,ss,16.9,4,4,,"s, 218株,lb再設置",18.1,5,,,,,,19.5,4,+,,,,,25.51,84.06,1976.41,'07,,,,
356,225,225,225,"I,10",,487,ダケカンバ,,Be,21.9,99,データなしのため2007-2010ΔDより推定、fは2007値,22.9,5,データなしのため2007-2010ΔDより推定、fは2007値,不明,24,5,,ss,24.8,4,5,,"s, 218株,lb再設置",25.1,4,,,,,,25.7,4,+,,,,,24.94,84.67,1976.85,'07,,,,
357,226,226,226,"I,14",RW261,488,ダケカンバ,,Be,13.2,99,データなしのため2007-2010ΔDより推定、fは2007値,15,5,データなしのため2007-2010ΔDより推定、fは2007値,不明,16.7,5,,ss,18,4,4.5,,"s, 218株",19.7,4,,,落,,,21.6,5,+,,,,,24.71,84.93,1976.87,'07,,,,
358,226.1,226.1,329,10,RB690,,ダケカンバ,,Be,,,,,,,,10.7,5,,"sｓ, 07追加，進階とする",11.5,5,4.5,,"s, 218株",12.2,4,,,,,,13.2,4,+,,,,,25.4,84.75,1976.9,'07,1,,,
359,226.2,226.2,330,10,RB689,,ダケカンバ,,Be,,,,,,,,,,,,10.1,5,5.5,,"s, 10追加,218株",12.2,5,,,,,,14.8,5,+,,,,,25.4,84.75,1976.9,同株同値,,1,,
360,279,279,279,I,,541,オオシラビソ,,A,10,99,生存のはずだがf記載なしのため99とする,11.5,5,,雪の下,,-1,不明のためf-1,"sss, 不明",,-1,,,,,-1,,,,,,,-1,,,,,,28,84,,Ｉｓｈｉｄａ,,,,
361,,,356,14,RW262,,ミヤマハンノキ,,Ama,,,,,,,,,,,,,,,,,10,5,,14追加,加入,,,11,5,,,,,,32.22,81.62,,'14,,,1,
362,280,280,280,I,,542,オオシラビソ,,A,6.5,0,2003D計測ありだが枯死のため、1999時点で枯死と推定、記載なし→0に修正 [Mimatsu2007xls 99集計(03報告書整合)sheet にて2003報告書集計との整合性確認済],6.5,0,,枯,6.3,0,,"sｓ, 2ｍ折",,-1,,,s,,-1,,,,,,,-1,,,,,,34.03,88.57,1978.17,'07,,,,
363,229,229,229,I,,491,オオシラビソ,,A,14,99,生存のはずだがf記載なしのため99とする,14.3,5,,,,-1,,"sｓ, 根元折",,-1,,,,,-1,,,,,,,-1,,,,,,35.96,86.91,1978.06,'07,,,,
364,228,228,228,I,,490,ダケカンバ,,Be,27.4,0,2003データなく倒枯と推定されるため、1999時点で枯死と推定、記載なし→0に修正、 [Mimatsu2007xls 99集計(03報告書整合)sheet にて2003報告書集計との整合性確認済],,-1,Df記載なしのためf0→-1修正,,,-1,不明のためf-1,"sss, 不明",,-1,,,,,-1,,,,,,,-1,,,,,,41.2304,84.086,,Ｉｓｈｉｄａ,,,,
365,,,403,19,RB31,,ミネカエデ,,At,,,,,,,,,,,,,,,,,,,,,,,,9,5,,,,19追加,,47.45,82.96,,'19,,,,1
366,224,224,224,"I,18",,486,オオシラビソ,,A,47.5,99,生存のはずだがf記載なしのため99とする,49.1,2,,,50.1,3,,芯折れ6ｍ,50.5,4,7,,,52.1,3,,,,落,,54.2,3,,,,topなし,,49.1,86.27,1978.11,'07,,,,
367,231,231,231,I,,493,オオシラビソ,,A,9.7,99,生存のはずだがf記載なしのため99とする,10.8,5,,,11,4,,"sｓ, 傾幹",11.2,0,2.5,,"s, ダケヵン下敷",11.1,0,,s,,,,11,0,,,,,,43.04,90.07,1977.67,'07,,,,
368,,,357,14,RW233,,オオシラビソ,,A,,,,,,,,,,,,,,,,,9.3,5,,14追加,加入,,,10.1,4,,,,,,43.14,91.42,,'14,,,1,
369,227,227,227,I,,489,ダケカンバ,,Be,27.4,99,生存のはずだがf記載なしのため99とする,28.5,5,,根元,30,5,,ss,30.6,5,3.5,,s,31.7,5,,s,,,,33.7,5,,,,,,43.03,92.91,1979.01,'07,,,,
370,232,232,232,I,,494,オオシラビソ,,A,7.9,99,生存のはずだがf記載なしのため99とする,8.5,4,,,8.7,4,,ss,9.1,5,3,,s,10.1,4,,,,,,10.5,4,,,,,,43.26,92.21,1979.15,'07,,,,
371,233,233,233,I,,495,オオシラビソ,,A,32.5,99,生存のはずだがf記載なしのため99とする,32.4,1,,4ｍで幹折,,-1,,"sｓ, 根返り",,-1,,,,,-1,,,,,,,-1,,,,,,44.51,92.52,1979.5,'07,,,,
372,288,288,288,"I,19",,,ダケカンバ,2007調査で288発見、287は欠番か未発見,Be,17.3,99,データなしのため2007-2010ΔDより推定、fは2007値,17.5,5,データなしのため2007-2010ΔDより推定、fは2007値,,17.8,5,,"sｓ, ﾗﾍﾞﾙ付だが03まで欠測",18,5,3.5,,s,18.3,5,,s,,,,19.2,4,,,落,,,45.5,93.79,1979.79,'07,,,,
373,282,282,282,I,,544,ダケカンバ,,Be,7.1,99,生存のはずだがf記載なしのため99とする,8.7,5,,,,-1,不明のためf-1,"sss, 不明,蛇篭下?",,-1,,,,,-1,,,,,,,-1,,,,,,45.6962,95.5765,,Ｉｓｈｉｄａ,,,,
374,,,358,14,RW232,,ナナカマド,,Sc,,,,,,,,,,,,,,,,,9.8,5,,14追加,加入,,,11,5,,,,,,49.87,91.22,,'14,,,1,
375,281.2,281.2,337,10,RB684,,ナナカマド,,Sc,,,,,,,,,,,,9.5,5,3.5,,"s, 10追加",10.5,5,,s,,,,11.9,5,3,,,,,49.42,93.27,1979.7,'10,,1,,
376,281.3,281.3,338,10,RB685,,ナナカマド,,Sc,,,,,,,,,,,,9.5,5,3,,"s, 10追加,337株",10.3,5,,s,,,,11.5,5,+,,,,,49.42,93.27,1979.7,同株同値,,1,,
377,,,359,14,RW231,,ナナカマド,,Sc,,,,,,,,,,,,,,,,,9.5,5,,"14追加,337株",加入,,,10.6,5,+,,,,,49.42,93.27,1979.7,同株同値,,,1,
378,,,360,14,RW230,,ダケカンバ,,Be,,,,,,,,,,,,,,,,,9.6,5,,14追加,加入,,,12.4,5,,,,,,47.9,97.54,,'14,,,1,
379,281,281,281,"I,14",RB683,543,オノエヤナギ,,Ss,9.3,99,生存のはずだがf記載なしのため99とする,13.5,5,,,15.4,5,,ss,17.7,5,4,,s,19.9,5,,s,15cm下へ,,,23.1,4,2,,,,,48,99.24,1982.15,'07,,,,
380,281.1,281.1,336,10,RB682,,オノエヤナギ,,Ss,,,,,,,,,,,,10.3,5,2.5,,"s, 10追加,281株",11.4,5,,s,,,,11.6,5,+,,,,,48,99.24,1982.15,同株同値,,1,,
381,,,361,14,RW234,,ダケカンバ,,Be,,,,,,,,,,,,,,,,,9.7,5,,14追加,加入,,,12.4,5,2,,,,,44.6,99.95,,'14,,,1,
382,,,404,19,RB61,,ダケカンバ,,Be,,,,,,,,,,,,,,,,,,,,,,,,9.1,5,+,,,19追加、361株,,44.6,99.95,,同株同値,,,,1
383,,,362,14,RW229,,ダケカンバ,,Be,,,,,,,,,,,,,,,,,9.8,4,,14追加,加入,,,10.8,4,,,,,,38,94.64,,'14,,,1,
384,,,405,19,RB62,,ダケカンバ,,Be,,,,,,,,,,,,,,,,,,,,,,,,8.5,4,,,,19追加,,36.67,95.33,,'19,,,,1
385,230,230,230,"I,10",RB686,492,オオシラビソ,,A,10.2,99,生存のはずだがf記載なしのため99とする,11.5,5,,,12,5,,ss,12.8,5,4,,"s, lb再設置",13.7,4,,,,,,14.2,4,,,,,,34.74,91.54,1978.71,'07,,,,
386,,,363,14,RW235,,ダケカンバ,,Be,,,,,,,,,,,,,,,,,9.8,5,,14追加,加入,,,11.2,4,2,,,,,35.12,95.52,,'14,,,1,
387,,,364,14,RW236,,ダケカンバ,,Be,,,,,,,,,,,,,,,,,9.2,5,,14追加,加入,,,11.1,4,+,,,,,35.12,95.52,,同株同値,,,1,
388,230.2,230.2,332,10,RB687,,ダケカンバ,,Be,,,,,,,,,,,,9.6,5,4.5,,"s, 10追加",11.1,5,,s,,,,12.6,4,4,,,,,32.94,95.15,1979.86,'10,,1,,
389,,,365,14,RW237,,ダケカンバ,,Be,,,,,,,,,,,,,,,,,9.6,4,,"14追加,332株",加入,,,9.9,4,+,,,,,32.94,95.15,1979.86,同株同値,,,1,
390,,,366,14,RW238,,ダケカンバ,,Be,,,,,,,,,,,,,,,,,9.7,5,,"14追加,332株",加入,,,11.4,5,+,,,,,32.94,95.15,1979.86,同株同値,,,1,
391,,,406,19,RB63,,ダケカンバ,,Be,,,,,,,,,,,,,,,,,,,,,,,,8.4,5,+,,,19追加、332株,,32.94,95.15,1979.86,同株同値,,,,1
392,,,367,14,RW239,,ダケカンバ,,Be,,,,,,,,,,,,,,,,,8.9,5,,14追加,加入,,,11.4,5,,,,,,30.9,93.89,,'14,,,1,
393,,,407,19,RB64,,ダケカンバ,,Be,,,,,,,,,,,,,,,,,,,,,,,,9.3,5,,,,19追加,,30.23,95.23,,'19,,,,1
394,,,408,19,RB65,,ダケカンバ,,Be,,,,,,,,,,,,,,,,,,,,,,,,10,5,,,,19追加,,29.21,95.32,,'19,,,,1
395,,,368,14,RW240,,ダケカンバ,,Be,,,,,,,,,,,,,,,,,8.9,5,,14追加,加入,,,10.4,4,,,,,,28.89,94.59,,'14,,,1,
396,,,409,19,RB66,,ダケカンバ,,Be,,,,,,,,,,,,,,,,,,,,,,,,8.5,5,,,,19追加,,26.84,96.28,,'19,,,,1
397,230.1,230.1,331,10,RB688,,ダケカンバ,,Be,,,,,,,,10.2,5,,"sｓ, 07追加，進階",11.7,5,5,,s,13.9,5,,s,,,,16.1,5,,,,,,25.99,95.76,1980.43,'07,1,,,
398,,,410,19,RB67,,ダケカンバ,,Be,,,,,,,,,,,,,,,,,,,,,,,,10.3,5,,,,19追加,,25.57,96.78,,'19,,,,1
399,,,411,19,RB68,,ダケカンバ,,Be,,,,,,,,,,,,,,,,,,,,,,,,10.4,5,,,,19追加,,24.46,96.7,,'19,,,,1
400,,,369,14,RW241,,ダケカンバ,,Be,,,,,,,,,,,,,,,,,9.9,5,,14追加,加入,,,13.6,5,,,,,,20.32,93.93,,'14,,,1,
401,,,412,19,RB69,,オノエヤナギ,,Ss,,,,,,,,,,,,,,,,,,,,,,,,11,4,,,,19追加,,18.48,95.62,,'19,,,,1
402,,,370,14,RW242,,ミヤマハンノキ,,Ama,,,,,,,,,,,,,,,,,9.6,5,,14追加,加入,,,11.4,5,2,,,,,16.5,95,,'14,,,1,
403,,,413,19,RB70,,ミヤマハンノキ,,Ama,,,,,,,,,,,,,,,,,,,,,,,,9.8,4,+,,,19追加、370株,,16.5,95,,同株同値,,,,1
404,,,371,14,RW243,,ダケカンバ,,Be,,,,,,,,,,,,,,,,,8.9,5,,14追加,加入,,,11.7,5,,,,,,12.15,95.73,,'14,,,1,
405,,,414,19,RB72,,ダケカンバ,,Be,,,,,,,,,,,,,,,,,,,,,,,,9.8,5,,,,19追加,,11.41,96.04,,'19,,,,1
406,,,373,14,RW244,,ダケカンバ,,Be,,,,,,,,,,,,,,,,,9.6,5,,14追加,加入,,,11.7,5,,,,,,9.62,95.87,,'14,,,1,
407,,,415,19,RB71,,ダケカンバ,,Be,,,,,,,,,,,,,,,,,,,,,,,,8.8,4,,,,19追加,,11.26,95.27,,'19,,,,1
408,,,372,14,RW245,,ダケカンバ,,Be,,,,,,,,,,,,,,,,,8.5,5,,14追加,加入,,,10.9,5,,,,,,10.11,93.4,,'14,,,1,
409,,,416,19,RB73,,ミヤマハンノキ,,Ama,,,,,,,,,,,,,,,,,,,,,,,,9.6,5,3,,,19追加,,9.92,94.18,,'19,,,,1
410,,,417,19,RB74,,ミヤマハンノキ,,Ama,,,,,,,,,,,,,,,,,,,,,,,,10.5,5,+,,,19追加,,9.92,94.18,,同株同値,,,,1
411,,,418,19,RB75,,ミヤマハンノキ,,Ama,,,,,,,,,,,,,,,,,,,,,,,,9.6,5,+,,,19追加,,9.92,94.18,,同株同値,,,,1
412,,,419,19,RB76,,ミヤマハンノキ,,Ama,,,,,,,,,,,,,,,,,,,,,,,,9,5,,,,19追加,,9.26,91.7,,'19,,,,1
413,,,420,19,RB82,,ミヤマハンノキ,,Ama,,,,,,,,,,,,,,,,,,,,,,,,9.9,5,,,,19追加,,4.77,92.06,,'19,,,,1
414,,,421,19,RB81,,ダケカンバ,,Be,,,,,,,,,,,,,,,,,,,,,,,,8.1,4,,,,19追加,,4.01,92.36,,'19,,,,1
415,,,422,19,RB80,,ダケカンバ,,Be,,,,,,,,,,,,,,,,,,,,,,,,9,5,,,,19追加,,3.64,90.92,,'19,,,,1
416,286,286,286,"I,14",RB769,548,ダケカンバ,,Be,5.3,99,生存のはずだがf記載なしのため99とする,7.4,5,,,8.8,5,,ss,10.6,5,7,,s,12.7,5,,,めりこみ,,,14.9,4,,,,,,0.72,90.53,1980.64,'07,,,,
417,285,285,285,I,RB770,547,ミヤマハンノキ,2007調査にてオオシラビソ→ミヤマハンノキに修正,Ama,5.4,99,生存のはずだがf記載なしのため99とする,7,4,,,7.6,4,,ss,8.6,5,5,,s,10.1,5,,,,,,10.5,4,2,,,,,3.11,92.43,1981.75,'07,,,,
418,,,423,19,RB79,,ミヤマハンノキ,,Ama,,,,,,,,,,,,,,,,,,,,,,,,9.5,4,+,,,19追加、285株,,3.11,92.43,1981.75,同株同値,,,,1
419,284,284,284,"I,14",RB771,546,ダケカンバ,,Be,6.9,99,生存のはずだがf記載なしのため99とする,8.9,5,,,9.9,5,,ss,11.2,5,7,,s,12.9,5,,s,めりこみ,,,14.8,5,,,,,,5.33,97.79,1984.39,'07,,,,
420,283,283,283,I,,545,オノエヤナギ,2007調査にてオオシラビソ→オノエヤナギに修正,Ss,4.2,0,2003データなく倒枯と推定されるため、1999時点で枯死と推定、記載なし→0に修正、 [Mimatsu2007xls 99集計(03報告書整合)sheet にて2003報告書集計との整合性確認済],,-1,Df記載なしのためf0→-1修正,,,-1,,ss,,-1,,,,,-1,,,,,,,-1,,,,,,6.28,98.84,1984.55,'07,,,,
421,,,424,19,RB77,,ダケカンバ,,Be,,,,,,,,,,,,,,,,,,,,,,,,9.7,4,,,,19追加,,2.55,97.42,,'19,,,,1
422,,,425,19,RB78,,ダケカンバ,,Be,,,,,,,,,,,,,,,,,,,,,,,,9.2,4,,,,19追加,,1.22,99.54,,'19,,,,1
