サブプロット,階層,種名,DK2000,被度2007,被度2013,被度2019,X,no,II_
1,B2,アオダモ,0,1,1,1,NA,1,1
1,B2,イタヤカエデ,0.5,0.5,1,0.3,NA,6,0.5
1,B2,ウリハダカエデ,0,12,3,0.5,NA,7,5
1,B2,ウワミズザクラ,4,5,5,0.8,NA,8,4
1,B2,オオカメノキ,5,10,5,14,NA,9,5
1,B2,オオバクロモジ,5,18,15,10,NA,10,6
1,B2,コシアブラ,0,1,1,4,NA,11,1
1,B2,コマユミ,2,0,0,0.1,NA,12,0
1,B2,サワフタギ,2,4,3,2,NA,13,2
1,B2,ツノハシバミ,1,0,1,0.5,NA,14,0
1,B2,トチノキ,0,0.5,0,0.5,NA,15,0.5
1,B2,ノリウツギ,0,1,2,0.5,NA,16,1
1,B2,ハイイヌガヤ,0,3,1,3.5,NA,17,2
1,B2,ヒメアオキ,4,8,5,2,NA,18,5
1,B2,ヒメモチ,1,0.5,0.5,1,NA,19,0.5
1,B2,ブナ,0,0.5,0.5,2,NA,20,0.5
1,B2,ホオノキ,0,1,1,1.5,NA,21,1
1,B2,ミズキ,4,0,0,,NA,22,0
1,B2,ヤマウルシ,0.5,2,5,1,NA,23,2
1,B2,ツリバナ,NA,NA,3,0.5,NA,24,NA
1,B2,タムシバ,NA,NA,2,3,NA,25,NA
1,C,オオバユキザサ,0,0.5,0,0.5,NA,26,0.5
1,C,シノブカグマ,0,0.5,0,,NA,27,0.5
1,C,シラネワラビ,5,20,30,25,NA,28,6
1,C,チゴユリ,0.5,0.5,0.5,,NA,29,0.5
1,C,ツルアリドオシ,0,8,0.5,0.5,NA,30,4
1,C,ヒメカンアオイ,0.5,0.5,0,0.5,NA,31,0.5
1,C,ミヤマカンスゲ,0,6,15,15,NA,32,4
1,C,ヤマソテツ,5,8,5,3,NA,33,4
1,C,ユキザサ,0.5,0,1,0.5,NA,34,0
1,C,コカンスゲ,4,0,0,,NA,35,0
1,C,ヒメモチ,NA,NA,0.5,,NA,36,NA
1,C,ミヤマウズラ,NA,NA,0.5,,NA,37,NA
1,C,ツルリンドウ,NA,NA,0.5,,NA,38,NA
1,S,チシマザサ,6,20,20,15,NA,39,6
2,B2,ウリハダカエデ,0.5,0,3,13,NA,43,0
2,B2,ウワミズザクラ,4,0,3,3,NA,64,0
2,B2,オオカメノキ,7,0,20,37,NA,65,0
2,B2,オオバクロモジ,5,0,30,25,NA,66,0
2,B2,コマユミ,3,0,0.5,0.5,NA,67,0
2,B2,ツノハシバミ,2,0,1,,NA,68,0
2,B2,ハイイヌガヤ,0.5,0,1,2.5,NA,69,0
2,B2,ハイイヌツゲ,0.5,0,0,,NA,70,0
2,B2,ヒメアオキ,3,0,2,6.5,NA,71,0
2,B2,ヒメモチ,1,0,0.5,0.5,NA,72,0
2,B2,ブナ,6,0,2,2,NA,73,0
2,B2,ミズキ,4,0,0,,NA,74,0
2,B2,マユミ,2,0,0,0.5,NA,75,0
2,B2,アオダモ,NA,NA,2,3.5,NA,76,NA
2,B2,ノリウツギ,NA,NA,2,2,NA,77,NA
2,B2,ヤマウルシ,NA,NA,2,0,NA,78,NA
2,B2,サワダツ,NA,NA,0.5,0.5,NA,79,NA
2,B2,ナナカマド,NA,NA,2,3,NA,80,NA
2,B2,メイゲツカエデ,NA,NA,5,0.5,NA,81,NA
2,B2,トチノキ,NA,NA,0.5,0.5,NA,82,NA
2,B2,クロウスゴ,NA,NA,0.5,0.5,NA,83,NA
2,C,ウメガサソウ,0,0.5,0,,NA,84,0.5
2,C,オオバユキザサ,0,2,0.5,,NA,85,2
2,C,オシダ,0.5,0.5,0,0.5,NA,86,0.5
2,C,シラネワラビ,5,20,30,30,NA,87,6
2,C,タケシマラン,0,0.5,0.5,0.5,NA,88,0.5
2,C,タチシオデ,0,0.5,0,,NA,89,0.5
2,C,タニギキョウ,0,0.5,0,,NA,90,0.5
2,C,チゴユリ,4,8,0.5,1,NA,91,4
2,C,ツルアリドオシ,3,4,0.5,0.5,NA,92,3
2,C,ヒメカンアオイ,0,0.5,0.5,0.5,NA,93,0.5
2,C,ミヤマカンスゲ,0,5,5,10,NA,94,4
2,C,ヤマソテツ,4,1,1,1,NA,95,1
2,C,ユキザサ,1,0,0.5,0.5,NA,96,0
2,C,コイワカガミ,2,0,0.5,,NA,97,0
2,C,コカンスゲ,3,0,0,,NA,98,0
2,C,ホウチャクソウ,0.5,0,0,,NA,99,0
2,C,シノブカグマ,NA,NA,0.5,,NA,100,NA
2,S,チシマザサ,7,30,10,20,NA,101,6
2,,エンレイソウ,NA,NA,,0.5,NA,NA,NA
2,,ツリバナ,NA,NA,,0.5,NA,NA,NA
3,B2,アオダモ,0,0.5,1,0.5,NA,105,0.5
3,B2,ウリハダカエデ,0.5,5,1,1.5,NA,116,4
3,B2,ウワミズザクラ,4,1,1,3,NA,117,1
3,B2,オオカメノキ,6,25,25,30,NA,118,6
3,B2,オオバクロモジ,5,15,1,20,NA,119,5
3,B2,コシアブラ,0,1,4,5.5,NA,120,1
3,B2,ツノハシバミ,1,0,0,,NA,121,0
3,B2,ナナカマド,0,0.5,1,,NA,122,0.5
3,B2,ハイイヌガヤ,0.5,0,0,,NA,123,0
3,B2,ハイイヌツゲ,0.5,0,0,,NA,124,0
3,B2,ヒメアオキ,0,5,1,1,NA,125,4
3,B2,ブナ,5,8,5,1,NA,126,4
3,B2,ホオノキ,0,5,5,3,NA,127,4
3,B2,ミズキ,3,0,0,,NA,128,0
3,B2,ミヤマシキミ,0,0.5,0,,NA,129,0.5
3,B2,ヤマウルシ,3,2,1,0.5,NA,130,2
3,B2,イタヤカエデ,NA,NA,1,,NA,131,NA
3,B2,ヒメモチ,NA,NA,1,0.5,NA,132,NA
3,B2,ノリウツギ,NA,NA,0.5,,NA,133,NA
3,C,シラネワラビ,5,10,20,35,NA,134,5
3,C,チゴユリ,3,3,1,1,NA,135,3
3,C,ツクバネソウ,0.5,0,0,,NA,136,0
3,C,ツルアリドオシ,3,8,1,0.8,NA,137,4
3,C,ツルリンドウ,0,0.5,0.5,0,NA,138,0.5
3,C,ナライシダ,0,4,0.5,,NA,139,3
3,C,ヒメカンアオイ,0.5,1,3,2,NA,140,1
3,C,マイヅルソウ,0,0.5,0.5,,NA,141,0.5
3,C,ミヤマカンスゲ,0,6,8,8,NA,142,4
3,C,ヤマソテツ,4,3,1,1,NA,143,3
3,C,ユキザサ,1,2,0.5,0.5,NA,144,2
3,C,コイワカガミ,4,0,0,,NA,145,0
3,C,コカンスゲ,4,0,0,,NA,146,0
3,S,チシマザサ,8,50,35,30,NA,147,8
NA,,ハウチワカエデ,NA,NA,,2,NA,NA,NA
4,B2,アオダモ,0,0.5,1,3,NA,151,0.5
4,B2,ウリハダカエデ,0,4,4,2,NA,159,3
4,B2,ウワミズザクラ,3,4,1,3,NA,160,3
4,B2,エゾユズリハ,0,0.5,1,,NA,161,0.5
4,B2,オオカメノキ,6,20,15,20,NA,162,6
4,B2,オオバクロモジ,5,6,1,4,NA,163,4
4,B2,コシアブラ,0.5,0,2,1.5,NA,164,0
4,B2,コマユミ,0.5,0,0.5,0.5,NA,165,0
4,B2,ナナカマド,0,0.5,1,1,NA,166,0.5
4,B2,ハイイヌツゲ,0.5,0,0,,NA,167,0
4,B2,ヒメアオキ,3,1,1,0.5,NA,168,1
4,B2,ブナ,5,12,3,6,NA,169,5
4,B2,ミズキ,3,0,0,,NA,170,0
4,B2,メイゲツカエデ,0,15,7,6.5,NA,171,5
4,B2,ヤマウルシ,0,5,1,0.5,NA,172,4
4,B2,マユミ,5,0,0,,NA,173,0
4,B2,トチノキ,NA,NA,0.5,,NA,174,NA
4,B2,ホオノキ,NA,NA,3,1,NA,175,NA
4,B2,ヒメモチ,NA,NA,0.5,0.5,NA,176,NA
4,B2,サワダツ,NA,NA,0.5,,NA,177,NA
4,B2,イタヤカエデ,NA,NA,0.5,,NA,178,NA
4,C,シラネワラビ,5,10,7,8,NA,179,5
4,C,チゴユリ,1,1,0.5,0.5,NA,180,1
4,C,ナライシダ,0,5,2,,NA,181,4
4,C,ミヤマカンスゲ,0,5,15,8,NA,182,4
4,C,ヤマイヌワラビ,0,0.5,0,,NA,183,0.5
4,C,ヤマソテツ,4,3,10,2.5,NA,184,3
4,C,ユキザサ,0.5,0.5,0.5,0.5,NA,185,0.5
4,C,コカンスゲ,3,0,0,,NA,186,0
4,C,ヒメカンアオイ,NA,NA,1,0.5,NA,187,NA
4,C,ヒメモチ,NA,NA,0.5,0.5,NA,188,NA
4,S,チシマザサ,8,60,30,20,NA,189,8
5,B2,ウリハダカエデ,0,8,20,10,NA,194,4
5,B2,ウワミズザクラ,4,2,5,4,NA,203,2
5,B2,オオカメノキ,5,15,4,15,NA,204,5
5,B2,オオバクロモジ,5,5,2,6,NA,205,4
5,B2,コシアブラ,0,0.5,0.5,0.7,NA,206,0.5
5,B2,コマユミ,0,0.5,0.5,0.5,NA,207,0.5
5,B2,ツリバナ,0,1,0,,NA,208,1
5,B2,トチノキ,0,0.5,0.5,0.5,NA,209,0.5
5,B2,ノリウツギ,0,2,1,3,NA,210,2
5,B2,ハイイヌツゲ,1,0,0,,NA,211,0
5,B2,ヒメモチ,3,1,0.5,0.5,NA,212,1
5,B2,ブナ,6,30,20,6,NA,213,6
5,B2,ミズキ,4,0,0,,NA,214,0
5,B2,タニウツギ,NA,NA,3,,NA,215,NA
5,B2,サワダツ,NA,NA,0.5,,NA,216,NA
5,B2,メイゲツカエデ,NA,NA,0.5,1,NA,217,NA
5,B2,アオダモ,NA,NA,0.5,.,NA,218,NA
5,B2,イタヤカエデ,NA,NA,0.5,0.5,NA,219,NA
5,C,シラネワラビ,6,20,15,30,NA,220,6
5,C,チゴユリ,1,1,0.5,0.5,NA,221,1
5,C,ツルアリドオシ,2,3,0,0.5,NA,222,3
5,C,トチバニンジン,0,0.5,0,,NA,223,0.5
5,C,ヒメカンアオイ,4,0,0,,NA,224,0
5,C,マイヅルソウ,0,0.5,0,,NA,225,0.5
5,C,ミヤマウズラ,0,0.5,0,,NA,226,0.5
5,C,ミヤマカンスゲ,0,10,5,8,NA,227,5
5,C,ヤマソテツ,5,10,10,20,NA,228,5
5,C,ユキザサ,0.5,0.5,5,0.5,NA,229,0.5
5,C,シノブカグマ,NA,NA,0.5,,NA,230,NA
5,C,タニギキョウ,NA,NA,0.5,0.5,NA,231,NA
5,C,ヒロハユキザサ,NA,NA,0.5,,NA,232,NA
5,S,チシマザサ,7,35,10,7,NA,233,7
5,,ギンリョウソウ,NA,NA,,0.5,NA,NA,NA
5,,ヤマウルシ,NA,NA,,0.5,NA,NA,NA
5,,ツリバナ,NA,NA,,0.5,NA,NA,NA
5,,ミヤマイタチシダ,NA,NA,,0.5,NA,NA,NA
6,B2,アオダモ,0,0.5,1,,NA,237,0.5
6,B2,ウリハダカエデ,0.5,5,1,1,NA,242,4
6,B2,ウワミズザクラ,4,0.5,0.5,2,NA,243,0.5
6,B2,エゾユズリハ,0.5,0,0,,NA,244,0
6,B2,オオカメノキ,5,12,25,25,NA,245,5
6,B2,オオバクロモジ,5,10,10,18,NA,246,5
6,B2,コマユミ,6,0,0,0.5,NA,247,0
6,B2,ツノハシバミ,0.5,0,0,,NA,248,0
6,B2,トチノキ,0,0.5,0.5,0.5,NA,249,0.5
6,B2,ハイイヌガヤ,0.5,20,4,7,NA,250,6
6,B2,ヒメアオキ,3,5,10,2,NA,251,4
6,B2,ヒメモチ,0,3,1,0.5,NA,252,3
6,B2,ブナ,0,10,1,0.5,NA,253,5
6,B2,ミズキ,3,0,0,,NA,254,0
6,B2,ヤマウルシ,0,3,2,0.5,NA,255,3
6,B2,イタヤカエデ,NA,NA,0.5,0.5,NA,256,NA
6,C,オシダ,0,0.5,0.5,0.5,NA,257,0.5
6,C,シラネワラビ,5,18,30,32,NA,258,5
6,C,チゴユリ,0,0.5,0.5,0.5,NA,259,0.5
6,C,ツルアリドオシ,0.5,3,0.5,0.5,NA,260,3
6,C,トチバニンジン,0,0.5,0,0.5,NA,261,0.5
6,C,ヒメカンアオイ,0,5,1,0.5,NA,262,4
6,C,ミヤマカンスゲ,0,15,20,8,NA,263,5
6,C,ヤマイヌワラビ,0,0.5,0.5,0.5,NA,264,0.5
6,C,ヤマソテツ,1,3,3,5,NA,265,3
6,C,ユキザサ,3,3,1,0.5,NA,266,3
6,C,コカンスゲ,5,0,0,,NA,267,0
6,C,タケシマラン,NA,NA,0.5,0.5,NA,268,NA
6,S,チシマザサ,8,60,20,30,NA,269,8
NA,,ツクバネソウ,NA,NA,,0.5,NA,NA,NA
NA,,ヒメカンアオイ,NA,NA,,1,NA,NA,NA
7,B2,アオダモ,0,2,1,1,NA,273,2
7,B2,イタヤカエデ,0,0.5,0.5,0.5,NA,277,0.5
7,B2,ウリハダカエデ,0.5,4,3,6,NA,278,3
7,B2,オオカメノキ,5,15,20,23,NA,279,5
7,B2,オオバクロモジ,5,10,7,15,NA,280,5
7,B2,コシアブラ,0,1,2,1,NA,281,1
7,B2,コマユミ,4,0,0.5,0.5,NA,282,0
7,B2,ノリウツギ,0.5,0,0,,NA,283,0
7,B2,ハイイヌガヤ,0.5,4,1,3,NA,284,3
7,B2,ハイイヌツゲ,0.5,1,0.5,0.5,NA,285,1
7,B2,ヒメアオキ,4,5,3,2,NA,286,4
7,B2,ヒメモチ,0,3,2,1,NA,287,3
7,B2,ブナ,5,12,1,0.5,NA,288,5
7,B2,ミズキ,2,0,0.5,,NA,289,0
7,B2,ヤマウルシ,0,5,2,3.5,NA,290,4
7,B2,エゾユズリハ,NA,NA,1,1,NA,291,NA
7,B2,ウワミズザクラ,NA,NA,1,4,NA,292,NA
7,C,シラネワラビ,6,25,40,28,NA,293,6
7,C,タチシオデ,0,0.5,0,0.5,NA,294,0.5
7,C,ツルリンドウ,0,0.5,0,0.5,NA,295,0.5
7,C,ナライシダ,0,2,0.5,0.5,NA,296,2
7,C,ヒメカンアオイ,0.5,0,1,0.5,NA,297,0
7,C,ミヤマカンスゲ,0,12,10,7,NA,298,5
7,C,ヤマイヌワラビ,0,0.5,0,,NA,299,0.5
7,C,ヤマソテツ,1,2,3,5,NA,300,2
7,C,ユキザサ,0.5,2,1,0.5,NA,301,2
7,C,コイワカガミ,1,0,0,,NA,302,0
7,C,コカンスゲ,4,0,0,,NA,303,0
7,C,ツルアリドオシ,NA,NA,0.5,0.5,NA,304,NA
7,C,チゴユリ,NA,NA,0.5,0.5,NA,305,NA
7,S,チシマザサ,8,30,25,23,NA,306,6
7,,エゾユズリハ,NA,NA,,1,NA,NA,NA
7,,ミヤマウズラ,NA,NA,,0.5,NA,NA,NA
7,,トチノキ,NA,NA,,0.5,NA,NA,NA
7,,ミヤマイタチシダ,NA,NA,,0.5,NA,NA,NA
8,B2,アオダモ,0,1,0.5,1,NA,311,1
8,B2,ウリハダカエデ,0,6,0,4,NA,316,4
8,B2,ウワミズザクラ,3,0,0.5,0.5,NA,317,0
8,B2,オオカメノキ,6,30,30,35,NA,318,6
8,B2,オオバクロモジ,4,5,5,19,NA,319,4
8,B2,コシアブラ,0,1,2,4,NA,320,1
8,B2,ハイイヌガヤ,1,0,0.5,0.5,NA,321,0
8,B2,ハイイヌツゲ,0,0.5,0,0.5,NA,322,0.5
8,B2,ヒメアオキ,1,0,0.5,0.5,NA,323,0
8,B2,ブナ,4,10,1,0.5,NA,324,5
8,B2,ミズキ,0.5,0,0,,NA,325,0
8,B2,ヤマウルシ,0,1,2,4,NA,326,1
8,B2,マユミ,0.5,0,0,,NA,327,0
8,B2,イタヤカエデ,NA,NA,0.5,,NA,328,NA
8,B2,メイゲツカエデ,NA,NA,0.5,0.5,NA,329,NA
8,B2,サワフタギ,NA,NA,1,1.5,NA,330,NA
8,B2,トチノキ,NA,NA,0.5,,NA,331,NA
8,B2,イタヤカエデ,NA,NA,0.5,,NA,332,NA
8,B2,ヒメモチ,NA,NA,0.5,0.5,NA,333,NA
8,C,シラネワラビ,5,20,0.5,14,NA,334,6
8,C,タケシマラン,0,1,0.5,0.5,NA,335,1
8,C,チゴユリ,0.5,0.5,0.5,0.5,NA,336,0.5
8,C,ツクバネソウ,0,0.5,0.5,,NA,337,0.5
8,C,ツルアリドオシ,0.5,0.5,0.5,0.5,NA,338,0.5
8,C,ナライシダ,0,3,0.5,0.5,NA,339,3
8,C,ミヤマカンスゲ,0,10,3,4.5,NA,340,5
8,C,ヤマソテツ,1,2,1,0.5,NA,341,2
8,C,ユキザサ,3,4,0.5,0.3,NA,342,3
8,C,コイワカガミ,0.5,0,0,,NA,343,0
8,C,コカンスゲ,4,0,0,,NA,344,0
8,C,ホウチャクソウ,1,0,0,,NA,345,0
8,S,チシマザサ,7,35,15,11,NA,346,7
8,,チゴユリ,NA,NA,,4.5,NA,NA,NA
8,,ホオノキ,NA,NA,,1.5,NA,NA,NA
8,,タムシバ,NA,NA,,0.5,NA,NA,NA
9,B2,ウリハダカエデ,0,5,1,1,NA,349,4
9,B2,ウワミズザクラ,4,2,2,2,NA,357,2
9,B2,オオカメノキ,5,12,25,21,NA,358,5
9,B2,オオバクロモジ,4,2,4,7,NA,359,2
9,B2,コシアブラ,0,0.5,1,,NA,360,0.5
9,B2,サワフタギ,0,3,3,7,NA,361,3
9,B2,タムシバ,0,0.5,0.5,0.5,NA,362,0.5
9,B2,ツノハシバミ,0.5,0,0,,NA,363,0
9,B2,ハイイヌガヤ,0.5,0,0,,NA,364,0
9,B2,ハイイヌツゲ,0.5,0,0,,NA,365,0
9,B2,ヒメモチ,0,0.5,0.5,0.5,NA,366,0.5
9,B2,ブナ,6,25,5,58,NA,367,6
9,B2,ミズキ,3,0,0,,NA,368,0
9,B2,メイゲツカエデ,0,4,5,5,NA,369,3
9,B2,ヤマウルシ,0,0.5,0.5,0.5,NA,370,0.5
9,B2,マユミ,4,0,0,,NA,371,0
9,C,エンレイソウ,0,0.5,0,,NA,372,0.5
9,C,シラネワラビ,6,20,25,30,NA,373,6
9,C,タチシオデ,0,0.5,0,,NA,374,0.5
9,C,ツルアリドオシ,0.5,0,0,,NA,375,0
9,C,ミヤマカンスゲ,0,10,12,8,NA,376,5
9,C,ヤマソテツ,4,4,3,5,NA,377,3
9,C,ユキザサ,3,4,1,1,NA,378,3
9,C,コカンスゲ,4,0,0,,NA,379,0
9,C,ヒロハユキザサ,NA,NA,0.5,0.5,NA,380,NA
9,C,ヤマイヌワラビ,NA,NA,0.5,0.5,NA,381,NA
9,S,チシマザサ,8,50,10,12,NA,382,8
NA,,ホオノキ,NA,NA,,1,NA,NA,NA
NA,,コマユミ,NA,NA,,0.5,NA,NA,NA
10,B2,アオダモ,0,0.5,0.5,,NA,387,0.5
10,B2,イタヤカエデ,0.5,0,0,,NA,397,0
10,B2,ウリハダカエデ,0,5,2,2,NA,398,4
10,B2,ウワミズザクラ,4,6,5,5,NA,399,4
10,B2,オオカメノキ,5,15,10,4,NA,400,5
10,B2,オオバクロモジ,0,2,6,7,NA,401,2
10,B2,サワフタギ,0,0.5,0,0.5,NA,402,0.5
10,B2,トチノキ,0,0.5,0,,NA,403,0.5
10,B2,ハイイヌツゲ,0.5,0,0,,NA,404,0
10,B2,ヒメモチ,0,2,2,2,NA,405,2
10,B2,ホオノキ,0,3,1,1,NA,406,3
10,B2,ミズキ,3,0,0.5,0.5,NA,407,0
10,B2,メイゲツカエデ,0,3,3,,NA,408,3
10,B2,ヤマウルシ,1,0.5,1,1,NA,409,0.5
10,B2,マユミ,3,0,0,,NA,410,0
10,C,ギンリョウソウ,0,0.5,0.5,,NA,411,0.5
10,C,シラネワラビ,5,18,20,15,NA,412,5
10,C,タケシマラン,0,0.5,0,,NA,413,0.5
10,C,タニギキョウ,0,0.5,0,,NA,414,0.5
10,C,チゴユリ,3,3,1,1,NA,415,3
10,C,ツクバネソウ,0,0.5,0,,NA,416,0.5
10,C,ツルアリドオシ,0.5,1,0,,NA,417,1
10,C,ヒメカンアオイ,2,0,0.5,,NA,418,0
10,C,ミヤマカンスゲ,0,5,15,8,NA,419,4
10,C,ヤマイヌワラビ,0,0.5,0,0.5,NA,420,0.5
10,C,ヤマソテツ,4,5,4,13,NA,421,4
10,C,ユキザサ,4,4,1,1,NA,422,3
10,C,ホウチャクソウ,0.5,0,0,,NA,423,0
10,C,ツルリンドウ,NA,NA,0.5,0.5,NA,424,NA
10,C,ミヤマウズラ,NA,NA,0.5,,NA,425,NA
10,C,マイヅルソウ,NA,NA,0.5,,NA,426,NA
10,S,チシマザサ,8,50,10,13,NA,427,8
NA,,コシアブラ,NA,NA,,2,NA,NA,NA
NA,,エンレイソウ,NA,NA,,0.5,NA,NA,NA
NA,,ブナ,NA,NA,,5,NA,NA,NA
NA,,ツリバナ,NA,NA,,0.5,NA,NA,NA
NA,,サンカヨウ,NA,NA,,0.5,NA,NA,NA
NA,,タチシオデ,NA,NA,,0.5,NA,NA,NA
NA,,ヒメアオキ,NA,NA,,0.5,NA,NA,NA
NA,,トチノキ,NA,NA,,0.5,NA,NA,NA
11,B2,アオダモ,0,1,1,1,NA,431,1
11,B2,イタヤカエデ,0.5,1,0.5,0.5,NA,440,1
11,B2,ウリハダカエデ,0,2,1,1,NA,441,2
11,B2,ウワミズザクラ,3,0,0,0,NA,442,0
11,B2,オオカメノキ,5,18,30,20,NA,443,5
11,B2,オオバクロモジ,5,6,10,13,NA,444,4
11,B2,コシアブラ,0,0.5,1,3,NA,445,0.5
11,B2,コマユミ,4,0.5,0.5,0.2,NA,446,0.5
11,B2,ツノハシバミ,0,0.5,0,0,NA,447,0.5
11,B2,ツリバナ,0,0.5,0.5,0,NA,448,0.5
11,B2,トチノキ,0.5,0,0.5,0,NA,449,0
11,B2,ノリウツギ,2,0,0,0,NA,450,0
11,B2,ハイイヌガヤ,1,6,1,2,NA,451,4
11,B2,ハイイヌツゲ,0,1,0,0,NA,452,1
11,B2,ヒメアオキ,0,5,5,3,NA,453,4
11,B2,ヒメモチ,0,2,2,2,NA,454,2
11,B2,ミズキ,4,0.5,0.5,,NA,455,0.5
11,B2,メイゲツカエデ,0,1,1,1,NA,456,1
11,B2,マユミ,1,0,0,,NA,457,0
11,B2,ブナ,NA,NA,3,2,NA,458,NA
11,B2,ヤマウルシ,NA,NA,0.5,3,NA,459,NA
11,C,クサアジサイ,0,1,0.5,,NA,460,1
11,C,シラネワラビ,5,15,30,30,NA,461,5
11,C,タニギキョウ,0,0.5,0.5,,NA,462,0.5
11,C,チゴユリ,0.5,2,1,0.2,NA,463,2
11,C,ツルアリドオシ,3,3,0.5,0.5,NA,464,3
11,C,ナライシダ,0,3,0.5,0,NA,465,3
11,C,ミヤマウズラ,0,0.5,0.5,0.2,NA,466,0.5
11,C,ミヤマカンスゲ,0,10,20,20,NA,467,5
11,C,ヤマイヌワラビ,0,0.5,0,1,NA,468,0.5
11,C,ヤマソテツ,4,4,3,5,NA,469,3
11,C,ユキザサ,0.5,3,0,0.5,NA,470,3
11,C,コカンスゲ,5,0,1,,NA,471,0
11,C,オオイタヤメイゲツ,NA,NA,1,0,NA,472,NA
11,C,タチシオデ,NA,NA,0.5,0.2,NA,473,NA
11,C,ヒメカンアオイ,NA,NA,1,1,NA,474,NA
11,C,シノブカグマ,NA,NA,0.5,,NA,475,NA
11,S,チシマザサ,8,60,40,40,NA,476,8
11,,オシダ,NA,NA,,0.2,NA,NA,NA
12,B2,アオダモ,0,0.5,0.5,3,NA,479,0.5
12,B2,イタヤカエデ,0,0.5,0.5,0.5,NA,491,0.5
12,B2,ウリハダカエデ,0,3,1,2,NA,492,3
12,B2,オオカメノキ,4,8,35,20,NA,493,4
12,B2,オオバクロモジ,5,6,5,8,NA,494,4
12,B2,コシアブラ,0.5,0.5,2,4,NA,495,0.5
12,B2,トチノキ,0,0.5,0.5,0.5,NA,496,0.5
12,B2,ナナカマド,0,0.5,0.5,0.5,NA,497,0.5
12,B2,ノリウツギ,1,0,0,0,NA,498,0
12,B2,ハイイヌガヤ,0.5,0,0,1,NA,499,0
12,B2,ハイイヌツゲ,0.5,4,3,2,NA,500,3
12,B2,ヒメアオキ,3,5,1,4,NA,501,4
12,B2,ブナ,5,12,5,4,NA,502,5
12,B2,ミズキ,2,0,0,,NA,503,0
12,B2,メイゲツカエデ,0,4,5,2,NA,504,3
12,B2,ヤマウルシ,0,2,7,8,NA,505,2
12,B2,ヤマモミジ,0,2,1,3,NA,506,2
12,B2,マユミ,4,0,0,,NA,507,0
12,B2,ヒメモチ,NA,NA,1,1,NA,508,NA
12,B2,オオイタヤメイゲツ,NA,NA,5,0,NA,509,NA
12,B2,ウワミズザクラ,NA,NA,1,1,NA,510,NA
12,C,シノブカグマ,0,0.5,1,1.5,NA,511,0.5
12,C,シラネワラビ,6,15,40,15,NA,512,5
12,C,ツルアリドオシ,2,2,3,3,NA,513,2
12,C,ツルリンドウ,0,0.5,0,,NA,514,0.5
12,C,ナライシダ,0,1,1,,NA,515,1
12,C,ミヤマウズラ,0,0.5,1,,NA,516,0.5
12,C,ミヤマカンスゲ,0,20,30,20,NA,517,6
12,C,ヤマイヌワラビ,0,0.5,0.5,0.5,NA,518,0.5
12,C,ヤマソテツ,0,0.5,5,8,NA,519,0.5
12,C,ユキザサ,2,2,1,0.5,NA,520,2
12,C,コカンスゲ,5,0,0,0,NA,521,0
12,C,ツリバナ,NA,NA,0.5,1,NA,522,NA
12,C,チゴユリ,NA,NA,1,0.5,NA,523,NA
12,C,コマユミ,NA,NA,0.5,0.2,NA,524,NA
12,S,チシマザサ,8,0.5,40,30,NA,525,0.5
13,B2,アオダモ,0,2,2,2,NA,529,2
13,B2,イタヤカエデ,0,1,0.5,0.5,NA,538,1
13,B2,ウリハダカエデ,0.5,5,1,1,NA,539,4
13,B2,ウワミズザクラ,4,0,0,2,NA,540,0
13,B2,オオカメノキ,5,10,25,20,NA,541,5
13,B2,オオバクロモジ,4,10,10,25,NA,542,5
13,B2,コシアブラ,0.5,1,5,14,NA,543,1
13,B2,コマユミ,0.5,0,0,0.2,NA,544,0
13,B2,ツノハシバミ,0.5,0,0,0,NA,545,0
13,B2,トチノキ,0,0.5,1,0.2,NA,546,0.5
13,B2,ヒメモチ,0,0.5,0.5,0.5,NA,547,0.5
13,B2,ホオノキ,0,1,10,4,NA,548,1
13,B2,ミズキ,3,0,0,,NA,549,0
13,B2,メイゲツカエデ,0,5,1,2,NA,550,4
13,B2,ヤマウルシ,0.5,1,1,5,NA,551,1
13,B2,マユミ,3,0,0,,NA,552,0
13,B2,ブナ,NA,NA,40,5,NA,553,NA
13,B2,ナナカマド,NA,NA,0.5,1,NA,554,NA
13,B2,サワフタギ,NA,NA,1,1,NA,555,NA
13,C,ウド,0,0.5,0,,NA,556,0.5
13,C,オシダ,0,0.5,1,1,NA,557,0.5
13,C,シノブカグマ,0,0.5,0.5,,NA,558,0.5
13,C,シラネワラビ,4,5,10,10,NA,559,4
13,C,タチシオデ,0.5,0,0,,NA,560,0
13,C,チゴユリ,0.5,0,0.5,0.1,NA,561,0
13,C,ツクバネソウ,0,0.5,0,,NA,562,0.5
13,C,ツルアリドオシ,0.5,5,0.5,2,NA,563,4
13,C,ナライシダ,0,1,1,0.5,NA,564,1
13,C,ヒメカンアオイ,0.5,0,0,0,NA,565,0
13,C,ミヤマカンスゲ,0,8,15,3,NA,566,4
13,C,ヤマイヌワラビ,0,0.5,2,0.5,NA,567,0.5
13,C,ヤマソテツ,2,3,5,4,NA,568,3
13,C,ユキザサ,3,2,0.5,1,NA,569,2
13,C,コカンスゲ,4,0,0,0,NA,570,0
13,C,ミヤマウズラ,NA,NA,1,0,NA,571,NA
13,C,ヒロハユキザサ,NA,NA,0.5,0.5,NA,572,NA
13,C,エンレイソウ,NA,NA,0.5,,NA,573,NA
13,C,タニギキョウ,NA,NA,0.5,0.2,NA,574,NA
13,B2,サワダツ,NA,NA,0.5,,NA,575,NA
13,S,チシマザサ,6,25,30,20,NA,576,6
NA,,ヤマドリゼンマイ,NA,NA,,1,NA,NA,NA
14,B2,ウリハダカエデ,0.5,8,1,5,NA,581,4
14,B2,ウワミズザクラ,5,0,2,2,NA,590,0
14,B2,オオカメノキ,4,5,5,10,NA,591,4
14,B2,オオバクロモジ,5,6,1,3,NA,592,4
14,B2,スノキ,0,1,1,,NA,593,1
14,B2,ハイイヌツゲ,0.5,0,0,,NA,594,0
14,B2,ヒメアオキ,3,2,1,1,NA,595,2
14,B2,ヒメモチ,0,0.5,0.5,14,NA,596,0.5
14,B2,ブナ,6,25,20,8,NA,597,6
14,B2,ミズキ,2,0.5,0.5,1,NA,598,0.5
14,B2,ミヤマシキミ,0,0.5,0,0,NA,599,0.5
14,B2,ヤマウルシ,0,3,1,2,NA,600,3
14,B2,コシアブラ,NA,NA,1,1,NA,601,NA
14,B2,メイゲツカエデ,NA,NA,1,1,NA,602,NA
14,B2,コマユミ,NA,NA,0.5,0.5,NA,603,NA
14,B2,オオイタヤメイゲツ,NA,NA,1,0,NA,604,NA
14,B2,トチノキ,NA,NA,0.5,0.5,NA,605,NA
14,B2,アクシバ,NA,NA,1,2,NA,606,NA
14,B2,イタヤカエデ,NA,NA,0.5,,NA,607,NA
14,B2,タムシバ,NA,NA,1,0.5,NA,608,NA
14,B2,ツリバナ,NA,NA,0.5,0.2,NA,609,NA
14,C,オシダ,0.5,3,1,,NA,610,3
14,C,カメバヒキオコシ,0.5,0.5,0.5,1,NA,611,0.5
14,C,サンカヨウ,0,0.5,0,,NA,612,0.5
14,C,シラネアオイ,0,18,5,0.1,NA,613,5
14,C,シラネワラビ,5,0,7,10,NA,614,0
14,C,タチシオデ,0,0.5,0,,NA,615,0.5
14,C,ナライシダ,0,0.5,0.5,1,NA,616,0.5
14,C,ミヤマウズラ,0,0.5,0,,NA,617,0.5
14,C,ミヤマカンスゲ,0,8,15,20,NA,618,4
14,C,ヤマソテツ,5,10,6,10,NA,619,5
14,C,ユキザサ,4,4,0.5,0.5,NA,620,3
14,C,コカンスゲ,5,0,0,0,NA,621,0
14,C,ツルリンドウ,NA,NA,1,0,NA,622,NA
14,C,チゴユリ,NA,NA,0.5,0.5,NA,623,NA
14,C,ヤマイヌワラビ,NA,NA,0.5,1,NA,624,NA
14,C,タケシマラン,NA,NA,0.5,0.5,NA,625,NA
14,C,ジュウモンジシダ,NA,NA,0.5,0,NA,626,NA
14,C,タニギキョウ,NA,NA,0.5,0.5,NA,627,NA
14,S,チシマザサ,8,50,10,10,NA,628,8
14,,エンレイソウ,NA,NA,,0.2,NA,NA,NA
14,,ツルアリドオシ,NA,NA,,1,NA,NA,NA
15,B2,ウリハダカエデ,0,1,0.1,2,NA,633,1
15,B2,ウワミズザクラ,0,6,5,3,NA,643,4
15,B2,オオカメノキ,5,5,7,4,NA,644,4
15,B2,オオバクロモジ,4,4,4,3,NA,645,3
15,B2,コマユミ,0,0.5,0.1,0.2,NA,646,0.5
15,B2,ツノハシバミ,0,0.5,0,,NA,647,0.5
15,B2,トチノキ,0,0.5,0.2,0.5,NA,648,0.5
15,B2,ハイイヌツゲ,2,0,0,,NA,649,0
15,B2,ヒメアオキ,0,0.5,0.5,1,NA,650,0.5
15,B2,ブナ,6,20,10,16,NA,651,6
15,B2,ホオノキ,0,1,1,1,NA,652,1
15,B2,ミズキ,4,0,0,,NA,653,0
15,B2,ミヤマシキミ,0,0.5,0,,NA,654,0.5
15,B2,ヤマウルシ,0.5,0,0,,NA,655,0
15,B2,ツリバナ,NA,NA,2,1,NA,656,NA
15,B2,イタヤカエデ,NA,NA,0.1,0.2,NA,657,NA
15,B2,コシアブラ,NA,NA,0.1,0.5,NA,658,NA
15,B2,アオダモ,NA,NA,0.1,0.1,NA,659,NA
15,C,オシダ,0,0.5,0,1,NA,660,0.5
15,C,カメバヒキオコシ,0.5,0.5,1,3,NA,661,0.5
15,C,サカゲイノデ,0,0.5,2,0.5,NA,662,0.5
15,C,サラシナショウマ,0,0.5,0,,NA,663,0.5
15,C,ジュウモンジシダ,0,0.5,0,,NA,664,0.5
15,C,シラネワラビ,4,10,5,15,NA,665,5
15,C,タケシマラン,0,1,0.1,0.5,NA,666,1
15,C,タチシオデ,0,0.5,0.1,0.2,NA,667,0.5
15,C,ツクバネソウ,0.5,0,0,,NA,668,0
15,C,ツルアリドオシ,0.5,0.5,0,,NA,669,0.5
15,C,ツルリンドウ,0,0.5,0,0.2,NA,670,0.5
15,C,ミヤマカンスゲ,0,10,6,6,NA,671,5
15,C,ヤマイヌワラビ,0,0.5,0.2,1,NA,672,0.5
15,C,ヤマソテツ,3,3,8,6,NA,673,3
15,C,ユキザサ,3,3,0.5,0.5,NA,674,3
15,C,コカンスゲ,5,0,0,0,NA,675,0
15,C,ホウチャクソウ,1,0,0,0.5,NA,676,0
15,C,トチバニンジン,NA,NA,0.2,0.2,NA,677,NA
15,S,チシマザサ,8,50,20,20,NA,678,8
15,,テンニンソウ,NA,NA,,0.5,NA,NA,NA
15,,タニギキョウ,NA,NA,,0.5,NA,NA,NA
15,,タチシオデ,NA,NA,,0.5,NA,NA,NA
16,B2,アオダモ,0,3,2,2,NA,683,3
16,B2,イタヤカエデ,0,0.5,0.1,0.1,NA,688,0.5
16,B2,ウリハダカエデ,0.5,4,1,0.2,NA,689,3
16,B2,ウワミズザクラ,4,0,0,,NA,690,0
16,B2,オオカメノキ,6,18,12,13,NA,691,5
16,B2,オオバクロモジ,4,5,5,4,NA,692,4
16,B2,コシアブラ,0.5,0,0.5,0.1,NA,693,0
16,B2,コマユミ,1,0,0,0.2,NA,694,0
16,B2,ツノハシバミ,0.5,0,0,2,NA,695,0
16,B2,ナナカマド,0,0.5,0,0.1,NA,696,0.5
16,B2,ノリウツギ,0,0.5,0.5,0.5,NA,697,0.5
16,B2,ハイイヌガヤ,3,2,2,0.2,NA,698,2
16,B2,ハイイヌツゲ,1,0.5,0.2,2,NA,699,0.5
16,B2,ヒメアオキ,3,0,1,0.2,NA,700,0
16,B2,ヒメモチ,0,0.5,0.2,0.2,NA,701,0.5
16,B2,ブナ,0,4,3,2,NA,702,3
16,B2,ミヤマイボタ,0,0.5,0.5,0.2,NA,703,0.5
16,B2,ヤマアジサイ,0,0.5,0.5,0.2,NA,704,0.5
16,B2,ヤマウルシ,0,3,1,1,NA,705,3
16,B2,ヤマモミジ,0,5,4,2,NA,706,4
16,B2,マユミ,4,0,0,,NA,707,0
16,B2,トチノキ,NA,NA,0.2,0.1,NA,708,NA
16,C,オシダ,0,0.5,1,0.5,NA,709,0.5
16,C,カメバヒキオコシ,0,1,1,0.2,NA,710,1
16,C,クサアジサイ,0.5,5,0,,NA,711,4
16,C,シラネワラビ,6,20,8,10,NA,712,6
16,C,ツルアリドオシ,0.5,3,0.2,0.1,NA,713,3
16,C,トチバニンジン,0,0.5,0,,NA,714,0.5
16,C,ナライシダ,0,0.5,2,,NA,715,0.5
16,C,ミヤマウズラ,0,0.5,0,,NA,716,0.5
16,C,ミヤマカンスゲ,0,10,15,10,NA,717,5
16,C,ヤマイヌワラビ,0,0.5,0.5,0.1,NA,718,0.5
16,C,ヤマソテツ,3,3,3,3,NA,719,3
16,C,ヤマドリゼンマイ,0,0.5,0,0.3,NA,720,0.5
16,C,ユキザサ,0.5,0.5,0,,NA,721,0.5
16,C,テンニンソウ,NA,NA,7,7,NA,722,NA
16,C,タケシマラン,NA,NA,0.1,,NA,723,NA
16,C,コカンスゲ,5,0,0,,NA,724,0
16,S,チシマザサ,7,40,10,10,NA,725,7
17,B2,アオダモ,0,4,4,5,NA,729,3
17,B2,ウリハダカエデ,0,4,4,3.4,NA,735,3
17,B2,ウワミズザクラ,3,2,2,1.5,NA,736,2
17,B2,オオカメノキ,6,10,25,17,NA,737,5
17,B2,オオバクロモジ,4,6,4,6,NA,738,4
17,B2,コシアブラ,0,0.5,1,1,NA,739,0.5
17,B2,コマユミ,2,0,0,,NA,740,0
17,B2,ツノハシバミ,0.5,0.5,1,,NA,741,0.5
17,B2,ノリウツギ,0.5,0.5,0.5,0.5,NA,742,0.5
17,B2,ハイイヌガヤ,3,2,0.5,1,NA,743,2
17,B2,ハイイヌツゲ,0,2,0.5,1,NA,744,2
17,B2,ヒメアオキ,1,2,3,3,NA,745,2
17,B2,ブナ,0,4,4,1.5,NA,746,3
17,B2,ミズキ,1,0,0,,NA,747,0
17,B2,メイゲツカエデ,0,5,8,3,NA,748,4
17,B2,ヤマウルシ,0,1,3,4,NA,749,1
17,B2,マユミ,4,0,0,,NA,750,0
17,B2,ツリバナ,NA,NA,0.2,0.5,NA,751,NA
17,B2,ヒメモチ,NA,NA,0.1,0.5,NA,752,NA
17,C,シラネワラビ,5,15,15,18,NA,753,5
17,C,チゴユリ,0.5,0.5,0,0.5,NA,754,0.5
17,C,ツルアリドオシ,1,1,0.1,0.5,NA,755,1
17,C,ツルリンドウ,0,0.5,0,,NA,756,0.5
17,C,ミヤマカンスゲ,0,10,20,5,NA,757,5
17,C,ヤマイヌワラビ,0,0.5,0,,NA,758,0.5
17,C,ヤマソテツ,3,3,5,7,NA,759,3
17,C,ユキザサ,1,1,0.1,0.5,NA,760,1
17,C,コカンスゲ,5,0,0,,NA,761,0
17,S,チシマザサ,8,40,20,15,NA,762,7
NA,,イタヤカエデ,NA,NA,,0.5,NA,NA,NA
NA,,トチノキ,NA,NA,,0.5,NA,NA,NA
18,B2,イタヤカエデ,0.5,0.5,0.2,0,NA,766,0.5
18,B2,イタヤカエデ,0.5,0.5,0,,NA,774,0.5
18,B2,ウリハダカエデ,0,3,2,6,NA,775,3
18,B2,ウワミズザクラ,4,4,2,3,NA,776,3
18,B2,オオカメノキ,5,15,20,14,NA,777,5
18,B2,オオバクロモジ,5,15,15,13,NA,778,5
18,B2,コシアブラ,1,0,1,3,NA,779,0
18,B2,ナナカマド,0,1,0.2,0.5,NA,780,1
18,B2,ノリウツギ,0,0.5,1,1,NA,781,0.5
18,B2,ハイイヌツゲ,1,0,0,0,NA,782,0
18,B2,ヒメアオキ,4,4,4,5,NA,783,3
18,B2,ヒメモチ,0.5,1,2,2,NA,784,1
18,B2,ブナ,4,5,2,1,NA,785,4
18,B2,ミズキ,1,0,0,0,NA,786,0
18,B2,ヤマウルシ,0,5,6,6,NA,787,4
18,B2,アオダモ,NA,NA,1,1,NA,788,NA
18,B2,ウワミズザクラ,NA,NA,1,2,NA,789,NA
18,B2,ツノハシバミ,NA,NA,0.1,,NA,790,NA
18,C,イワガラミ,0,3,2,,NA,791,3
18,C,オシダ,0,0.5,0.5,,NA,792,0.5
18,C,シラネワラビ,6,18,25,25,NA,793,5
18,C,タチシオデ,0.5,0.5,0.2,0.1,NA,794,0.5
18,C,タニギキョウ,0,0.5,0.1,0.1,NA,795,0.5
18,C,ツタウルシ,0,3,0.5,,NA,796,3
18,C,ツルアリドオシ,0,1,0.5,0.5,NA,797,1
18,C,ツルリンドウ,0,0.5,0,,NA,798,0.5
18,C,ミヤマウズラ,0,0.5,0.2,0.1,NA,799,0.5
18,C,ミヤマカンスゲ,0,20,10,10,NA,800,6
18,C,ヤマソテツ,2,1,5,5,NA,801,1
18,C,ユキザサ,1,0.5,0.1,0.2,NA,802,0.5
18,C,コイワカガミ,0.5,0,0,,NA,803,0
18,C,コカンスゲ,5,0,0,,NA,804,0
18,S,チシマザサ,9,0,,5,NA,805,0
18,,ハウチワカエデ,NA,NA,,0.1,NA,NA,NA
19,B2,アオダモ,0,0.5,0,0,NA,809,0.5
19,B2,ウリハダカエデ,0.5,5,2,4,NA,815,4
19,B2,ウワミズザクラ,4,3,3,2,NA,816,3
19,B2,オオカメノキ,5,10,10,11,NA,817,5
19,B2,オオバクロモジ,3,5,5,12,NA,818,4
19,B2,コシアブラ,0,0.5,1,4,NA,819,0.5
19,B2,コマユミ,2,0,0,,NA,820,0
19,B2,サワフタギ,5,10,7,7,NA,821,5
19,B2,タニウツギ,0,2,2,0.5,NA,822,2
19,B2,ツノハシバミ,0.5,0.5,0,2,NA,823,0.5
19,B2,トチノキ,0,0.5,0,0,NA,824,0.5
19,B2,ナナカマド,0,0.5,1,2,NA,825,0.5
19,B2,ハイイヌガヤ,0,1,0,,NA,826,1
19,B2,ハイイヌツゲ,0.5,0,0,,NA,827,0
19,B2,ブナ,5,10,20,4,NA,828,5
19,B2,ミズキ,1,0,0,,NA,829,0
19,B2,ミヤマシキミ,0,0.5,0,,NA,830,0.5
19,B2,ツリバナ,NA,NA,0.5,0.2,NA,831,NA
19,B2,ヒメアオキ,NA,NA,1,1,NA,832,NA
19,B2,ノリウツギ,NA,NA,0.5,0.5,NA,833,NA
19,B2,ヒメモチ,NA,NA,0.2,1,NA,834,NA
19,C,エンレイソウ,0,0.5,0,,NA,835,0.5
19,C,シラネワラビ,6,15,10,14,NA,836,5
19,C,タニギキョウ,0.5,0.5,0,0,NA,837,0.5
19,C,ツルアリドオシ,1,0,0,0,NA,838,0
19,C,マイヅルソウ,0,0.5,0,0,NA,839,0.5
19,C,ミヤマカンスゲ,0,15,10,5,NA,840,5
19,C,ヤマイヌワラビ,0,0.5,0,,NA,841,0.5
19,C,ヤマソテツ,0.5,1,2,2,NA,842,1
19,C,ユキザサ,4,3,0.1,1,NA,843,3
19,C,アカミノルイヨウショウマ,0.5,0,0,,NA,844,0
19,C,コカンスゲ,4,0,0,,NA,845,0
19,S,チシマザサ,9,60,12,10,NA,846,8
NA,,チゴユリ,NA,NA,,0.1,NA,NA,NA
20,B2,ウリハダカエデ,0,4,1,0.6,NA,851,3
20,B2,ウワミズザクラ,4,1,1,1,NA,862,1
20,B2,オオカメノキ,5,10,10,10,NA,863,5
20,B2,オオバクロモジ,1,2,1,2,NA,864,2
20,B2,コシアブラ,0.5,0,0.1,0.5,NA,865,0
20,B2,サワフタギ,5,15,2,4,NA,866,5
20,B2,ナナカマド,0,1,2,2,NA,867,1
20,B2,ハイイヌツゲ,3,0.5,0,,NA,868,0.5
20,B2,ヒメモチ,0,2,0.5,0.5,NA,869,2
20,B2,ブナ,0,4,8,11,NA,870,3
20,B2,ミズキ,1,0,0.5,4,NA,871,0
20,B2,ヤマモミジ,0,0.5,0,0.2,NA,872,0.5
20,B2,マユミ,1,0,0,0.1,NA,873,0
20,B2,ハイイヌガヤ,NA,NA,0.5,2,NA,874,NA
20,B2,アオダモ,NA,NA,0.2,0.2,NA,875,NA
20,B2,ヒメアオキ,NA,NA,3,4,NA,876,NA
20,B2,イボタノキ,NA,NA,0.2,0.3,NA,877,NA
20,B2,メイゲツカエデ,NA,NA,2,2,NA,878,NA
20,B2,ツノハシバミ,NA,NA,0.2,,NA,879,NA
20,B2,コマユミ,NA,NA,0.1,0.1,NA,880,NA
20,C,エンレイソウ,0,0.5,0,0.5,NA,881,0.5
20,C,シラネワラビ,5,16,25,24,NA,882,5
20,C,タケシマラン,0,0.5,0.1,,NA,883,0.5
20,C,タチシオデ,0,0.5,0,,NA,884,0.5
20,C,タニギキョウ,0,0.5,0,,NA,885,0.5
20,C,チゴユリ,0.5,0.5,0,0.1,NA,886,0.5
20,C,ツクバネソウ,0.5,0,0,0.2,NA,887,0
20,C,ツルアリドオシ,0.5,0,0,,NA,888,0
20,C,マイヅルソウ,0,0.5,0,,NA,889,0.5
20,C,ミヤマカンスゲ,0,8,3,2,NA,890,4
20,C,ヤマイヌワラビ,0,0.5,0.5,0.2,NA,891,0.5
20,C,ヤマソテツ,3,3,3,7,NA,892,3
20,C,ユキザサ,4,6,0.5,2,NA,893,4
20,C,コカンスゲ,5,0,0,,NA,894,0
20,C,ホウチャクソウ,0.5,0,0,,NA,895,0
20,C,ヒロバスゲ,NA,NA,0.1,,NA,896,NA
20,S,チシマザサ,9,85,10,20,NA,897,9
NA,,トチノキ,NA,NA,,0.2,NA,NA,NA
NA,,ツルリンドウ,NA,NA,,0.1,NA,NA,NA
NA,,タムシバ,NA,NA,,0.2,NA,NA,NA
NA,,タチシオデ,NA,NA,,0.1,NA,NA,NA
21,B2,アオダモ,0,0.5,0.2,0.2,NA,902,0.5
21,B2,イタヤカエデ,0.5,0.5,0.2,0.2,NA,908,0.5
21,B2,ウリハダカエデ,0.5,0.5,.,0.5,NA,909,0.5
21,B2,ウワミズザクラ,0,4,0,6,NA,910,3
21,B2,オオカメノキ,6,35,20,18,NA,911,7
21,B2,オオバクロモジ,2,5,3,2,NA,912,4
21,B2,コマユミ,3,0.5,0.5,0.5,NA,913,0.5
21,B2,トチノキ,0,0.5,0.2,0.1,NA,914,0.5
21,B2,ナナカマド,0,0.5,0.1,,NA,915,0.5
21,B2,ハイイヌガヤ,0,5,1,1,NA,916,4
21,B2,ハイイヌツゲ,0.5,0.5,0.2,0.1,NA,917,0.5
21,B2,ブナ,4,5,2,3,NA,918,4
21,B2,ミズキ,4,0,0.2,0.58,NA,919,0
21,B2,ミヤマシキミ,0,1,0,,NA,920,1
21,B2,メイゲツカエデ,0,5,0,,NA,921,4
21,B2,マユミ,4,0,0,,NA,922,0
21,B2,ツリバナ,NA,NA,1,0.2,NA,923,NA
21,B2,ヒメアオキ,NA,NA,4,3,NA,924,NA
21,B2,ヒメモチ,NA,NA,0.2,0.1,NA,925,NA
21,B2,コシアブラ,NA,NA,0.1,0.2,NA,926,NA
21,B2,ヤマモミジ,NA,NA,0.1,5,NA,927,NA
21,C,クサアジサイ,0,8,0,0,NA,928,4
21,C,サカゲイノデ,0,0.5,0,0,NA,929,0.5
21,C,シラネワラビ,6,20,15,13,NA,930,6
21,C,タケシマラン,0,0.5,0,,NA,931,0.5
21,C,タチシオデ,0.5,0,0,,NA,932,0
21,C,チゴユリ,0.5,0.5,0,,NA,933,0.5
21,C,ミヤマカンスゲ,0,10,15,10,NA,934,5
21,C,ヤマイヌワラビ,0,0.5,1,0.2,NA,935,0.5
21,C,ヤマソテツ,4,5,10,12,NA,936,4
21,C,ユキザサ,0.5,0.5,0,0.1,NA,937,0.5
21,C,コカンスゲ,4,0,0,,NA,938,0
21,C,テンニンソウ,NA,NA,4,3,NA,939,NA
21,C,スミレサイシン,NA,NA,0.1,0.1,NA,940,NA
21,C,カメバヒキオコシ,NA,NA,1,0.5,NA,941,NA
21,C,ヤマドリゼンマイ,NA,NA,0.5,1,NA,942,NA
21,S,チシマザサ,8,60,15,10,NA,943,8
NA,,エンレイソウ,NA,NA,,0.1,NA,NA,NA
22,B2,アオダモ,0,5,0.1,0.1,NA,947,4
22,B2,イタヤカエデ,0,0.5,0.2,0.1,NA,953,0.5
22,B2,ウリハダカエデ,0,3,2,5,NA,954,3
22,B2,オオカメノキ,6,25,8,15,NA,955,6
22,B2,オオバクロモジ,4,6,4,6,NA,956,4
22,B2,コシアブラ,0,0.5,1,0.1,NA,957,0.5
22,B2,コマユミ,4,0,0,,NA,958,0
22,B2,ツノハシバミ,0.5,0.5,0.5,2,NA,959,0.5
22,B2,ナナカマド,0,1,0,1,NA,960,1
22,B2,ノリウツギ,0,3,2,2,NA,961,3
22,B2,ハイイヌガヤ,3,4,1,0.5,NA,962,3
22,B2,ハイイヌツゲ,1,0,0,,NA,963,0
22,B2,ヒメアオキ,0,5,5,4,NA,964,4
22,B2,ヒメモチ,3,0,0.5,0.5,NA,965,0
22,B2,ホオノキ,0.5,0,0,,NA,966,0
22,B2,ミズキ,4,0,0,,NA,967,0
22,B2,ミヤマシキミ,0,2,0,,NA,968,2
22,B2,メイゲツカエデ,0,5,4,3,NA,969,4
22,B2,マユミ,4,0,0,,NA,970,0
22,B2,ヤマモミジ,NA,NA,0.1,,NA,971,NA
22,C,シラネワラビ,6,28,50,45,NA,972,6
22,C,タチシオデ,0.5,0,0,,NA,973,0
22,C,ツルアリドオシ,0.5,0,0,,NA,974,0
22,C,ミヤマウズラ,0,0.5,0,,NA,975,0.5
22,C,ミヤマカンスゲ,0,12,4,5,NA,976,5
22,C,ヤマソテツ,1,3,3,2,NA,977,3
22,C,ユキザサ,0.5,0.5,0,,NA,978,0.5
22,C,コカンスゲ,5,0,0,,NA,979,0
22,S,チシマザサ,9,60,25,15,NA,980,8
22,,ブナ,NA,NA,,2,NA,NA,NA
22,,トチノキ,NA,NA,,0.1,NA,NA,NA
22,,ウワミズザクラ,NA,NA,,0.1,NA,NA,NA
23,B2,アオダモ,0,0.5,0.5,0.2,NA,984,0.5
23,B2,イタヤカエデ,0,0.5,0,0.1,NA,996,0.5
23,B2,ウリハダカエデ,0.5,0.5,2,1,NA,997,0.5
23,B2,ウワミズザクラ,0,2,4,4,NA,998,2
23,B2,オオカメノキ,5,10,5,5,NA,999,5
23,B2,オオバクロモジ,3,3,1,6,NA,1000,3
23,B2,コシアブラ,0,0.5,1,5,NA,1001,0.5
23,B2,コマユミ,2,0,0,,NA,1002,0
23,B2,サワフタギ,4,6,0,5,NA,1003,4
23,B2,トチノキ,0,1,0.5,0.1,NA,1004,1
23,B2,ノリウツギ,0,0.5,1,2,NA,1005,0.5
23,B2,ハイイヌガヤ,1,2,0.2,1,NA,1006,2
23,B2,ヒメアオキ,4,4,4,4,NA,1007,3
23,B2,ミズキ,3,0,0,,NA,1008,0
23,B2,メイゲツカエデ,0,0.5,0.1,0.1,NA,1009,0.5
23,B2,ヤマウルシ,0,5,5,2,NA,1010,4
23,B2,ヤマモミジ,NA,NA,3,,NA,1011,NA
23,B2,タカノツメ,NA,NA,0.1,,NA,1012,NA
23,B2,ヒメモチ,NA,NA,0.1,0.1,NA,1013,NA
23,B2,ブナ,NA,NA,0.5,1,NA,1014,NA
23,C,カメバヒキオコシ,2,0.5,0.2,1,NA,1015,0.5
23,C,クルマバソウ,0,0.5,0,,NA,1016,0.5
23,C,シラネワラビ,5,15,25,30,NA,1017,5
23,C,タニギキョウ,2,0,0,,NA,1018,0
23,C,ナライシダ,0,0.5,0,,NA,1019,0.5
23,C,ミヤマカンスゲ,0,10,2,2,NA,1020,5
23,C,ヤマソテツ,2,2,2,2,NA,1021,2
23,C,ヤマドリゼンマイ,0.5,0,0,0.5,NA,1022,0
23,C,ユキザサ,1,2,0.2,0.5,NA,1023,2
23,C,アカミノルイヨウショウマ,0.5,0,0,,NA,1024,0
23,C,コカンスゲ,5,0,0,,NA,1025,0
23,C,ツクバネソウ,NA,NA,0.1,0.1,NA,1026,NA
23,C,オシダ,NA,NA,1,,NA,1027,NA
23,C,クルマバハグマ,NA,NA,0.5,0.5,NA,1028,NA
23,S,チシマザサ,9,80,20,10,NA,1029,9
NA,,ナナカマド,NA,NA,,0.3,NA,NA,NA
24,B2,ウリハダカエデ,0.5,3,1,0.5,NA,1035,3
24,B2,ウワミズザクラ,1,5,3,5,NA,1046,4
24,B2,オオカメノキ,5,8,5,6,NA,1047,4
24,B2,オオバクロモジ,4,5,1,3,NA,1048,4
24,B2,コマユミ,2,0,0.1,,NA,1049,0
24,B2,サワフタギ,4,6,3,2,NA,1050,4
24,B2,ツリバナ,0,0.5,0,0.5,NA,1051,0.5
24,B2,ナナカマド,0,0.5,0.2,0.5,NA,1052,0.5
24,B2,ハイイヌガヤ,0,0.5,0.2,0.1,NA,1053,0.5
24,B2,ハイイヌツゲ,2,0,0,,NA,1054,0
24,B2,ハリギリ,0,6,0,,NA,1055,4
24,B2,ヒメアオキ,0,4,3,2,NA,1056,3
24,B2,ブナ,5,15,0.5,1,NA,1057,5
24,B2,ミズキ,3,0,0,,NA,1058,0
24,B2,ヤマウルシ,0,1,0.5,0.5,NA,1059,1
24,B2,ヤマモミジ,0,4,1,0.1,NA,1060,3
24,B2,マユミ,4,0,0,,NA,1061,0
24,B2,ヒメモチ,NA,NA,0.2,0.5,NA,1062,NA
24,B2,トチノキ,NA,NA,0.1,0.1,NA,1063,NA
24,B2,アオダモ,NA,NA,0.2,0.1,NA,1064,NA
24,B2,コシアブラ,NA,NA,0.1,0.5,NA,1065,NA
24,C,カメバヒキオコシ,0.5,0,0,,NA,1066,0
24,C,シラネワラビ,7,25,25,30,NA,1067,6
24,C,タチシオデ,0,0.5,0.1,0.1,NA,1068,0.5
24,C,ミヤマカンスゲ,0,10,5,3,NA,1069,5
24,C,ヤマソテツ,3,3,2,4,NA,1070,3
24,C,ユキザサ,4,6,0.2,0.1,NA,1071,4
24,C,コカンスゲ,5,0,0,,NA,1072,0
24,S,チシマザサ,9,60,40,10,NA,1073,8
NA,,メイゲツカエデ,NA,NA,,0.1,NA,NA,NA
25,B2,アオダモ,0.5,0.5,0.5,0.1,NA,1077,0.5
25,B2,ウワミズザクラ,3,3,1,1,NA,1091,3
25,B2,オオカメノキ,4,5,2,7,NA,1092,4
25,B2,オオバクロモジ,4,5,2,1,NA,1093,4
25,B2,コシアブラ,0,2,0,0.3,NA,1094,2
25,B2,コマユミ,2,0.5,0,,NA,1095,0.5
25,B2,サワフタギ,3,5,10,10,NA,1096,4
25,B2,ツノハシバミ,0,0.5,0.2,,NA,1097,0.5
25,B2,ツリバナ,0,1,0.2,,NA,1098,1
25,B2,ナナカマド,0.5,0,0,,NA,1099,0
25,B2,ノリウツギ,1,0,0,,NA,1100,0
25,B2,ハイイヌガヤ,0,2,1,0.5,NA,1101,2
25,B2,ハイイヌツゲ,0.5,1,0.5,0.2,NA,1102,1
25,B2,ヒメアオキ,0,2,0.5,0.2,NA,1103,2
25,B2,ヒメモチ,0,1,1,0.5,NA,1104,1
25,B2,ブナ,5,15,2,3,NA,1105,5
25,B2,ホオノキ,1,0,0,,NA,1106,0
25,B2,ミズキ,4,1,0.5,2,NA,1107,1
25,B2,メイゲツカエデ,0.5,0,0,1,NA,1108,0
25,B2,ヤマモミジ,NA,NA,0.1,0.1,NA,1109,NA
25,B2,ウリハダカエデ,NA,NA,0.2,0.2,NA,1110,NA
25,B2,イタヤカエデ,NA,NA,0.1,0.3,NA,1111,NA
25,C,クサアジサイ,1,0,0,,NA,1112,0
25,C,シラネワラビ,5,15,15,25,NA,1113,5
25,C,タケシマラン,0,0.5,0.1,0.1,NA,1114,0.5
25,C,タニギキョウ,1,1,0,,NA,1115,1
25,C,ツクバネソウ,0.5,0.5,0,,NA,1116,0.5
25,C,ミヤマカンスゲ,0,12,20,10,NA,1117,5
25,C,ヤマイヌワラビ,0,0.5,0.2,0.1,NA,1118,0.5
25,C,ヤマソテツ,1,1,4,2,NA,1119,1
25,C,ユキザサ,4,4,2,0.5,NA,1120,3
25,C,コカンスゲ,5,0,0,,NA,1121,0
25,C,ホウチャクソウ,0.5,0,0,,NA,1122,0
25,C,テンニンソウ,NA,NA,0.5,0.3,NA,1123,NA
25,S,チシマザサ,9,40,20,20,NA,1124,7
25,,エンレイソウ,NA,NA,,0.1,NA,NA,NA
