"サブプロット","階層","種名","DK2000","被度2007","被度2013","被度2019","X","no","II_","id_note"
"1","B2","アオダモ",0,1,1,1,"","1","1","1"
"1","B2","イタヤカエデ",0.5,0.5,1,0.3,"","6","0.5","2"
"1","B2","ウリハダカエデ",0,12,3,0.5,"","7","5","3"
"1","B2","ウワミズザクラ",4,5,5,0.8,"","8","4","4"
"1","B2","オオカメノキ",5,10,5,14,"","9","5","5"
"1","B2","オオバクロモジ",5,18,15,10,"","10","6","6"
"1","B2","コシアブラ",0,1,1,4,"","11","1","7"
"1","B2","コマユミ",2,0,0,0.1,"","12","0","8"
"1","B2","サワフタギ",2,4,3,2,"","13","2","9"
"1","B2","タムシバ",0,0,2,3,"","25","","21"
"1","B2","ツノハシバミ",1,0,1,0.5,"","14","0","10"
"1","B2","ツリバナ",0,0,3,0.5,"","24","","20"
"1","B2","トチノキ",0,0.5,0,0.5,"","15","0.5","11"
"1","B2","ノリウツギ",0,1,2,0.5,"","16","1","12"
"1","B2","ハイイヌガヤ",0,3,1,3.5,"","17","2","13"
"1","B2","ヒメアオキ",4,8,5,2,"","18","5","14"
"1","B2","ブナ",0,0.5,0.5,2,"","20","0.5","16"
"1","B2","ホオノキ",0,1,1,1.5,"","21","1","17"
"1","B2","ミズキ",4,0,0,0,"","22","0","18"
"1","B2","ヤマウルシ",0.5,2,5,1,"","23","2","19"
"1","C","オオバユキザサ",0,0.5,0,0.5,"","26","0.5","22"
"1","C","コカンスゲ",4,0,0,0,"","35","0","31"
"1","C","シノブカグマ",0,0.5,0,0,"","27","0.5","23"
"1","C","シラネワラビ",5,20,30,25,"","28","6","24"
"1","C","チゴユリ",0.5,0.5,0.5,0,"","29","0.5","25"
"1","C","ツルアリドオシ",0,8,0.5,0.5,"","30","4","26"
"1","C","ツルリンドウ",0,0,0.5,0,"","38","","34"
"1","C","ヒメカンアオイ",0.5,0.5,0,0.5,"","31","0.5","27"
"1","C","ヒメモチ",1,0.5,1,1,"","19","0.5","15_32"
"1","C","ヒメモチ",0,0,0.5,0,"","36","","32"
"1","C","ミヤマウズラ",0,0,0.5,0,"","37","","33"
"1","C","ミヤマカンスゲ",0,6,15,15,"","32","4","28"
"1","C","ヤマソテツ",5,8,5,3,"","33","4","29"
"1","C","ユキザサ",0.5,0,1,0.5,"","34","0","30"
"1","S","チシマザサ",6,20,20,15,"","39","6","35"
"2","B2","アオダモ",0,0,2,3.5,"","76","","49"
"2","B2","ウリハダカエデ",0.5,0,3,13,"","43","0","36"
"2","B2","ウワミズザクラ",4,0,3,3,"","64","0","37"
"2","B2","オオカメノキ",7,0,20,37,"","65","0","38"
"2","B2","オオバクロモジ",5,0,30,25,"","66","0","39"
"2","B2","クロウスゴ",0,0,0.5,0.5,"","83","","56"
"2","B2","コマユミ",3,0,0.5,0.5,"","67","0","40"
"2","B2","ツノハシバミ",2,0,1,0,"","68","0","41"
"2","B2","ツリバナ",0,0,0,0.5,"","","","76"
"2","B2","トチノキ",0,0,0.5,0.5,"","82","","55"
"2","B2","ナナカマド",0,0,2,3,"","80","","53"
"2","B2","ノリウツギ",0,0,2,2,"","77","","50"
"2","B2","ハイイヌガヤ",0.5,0,1,2.5,"","69","0","42"
"2","B2","ヒメアオキ",3,0,2,6.5,"","71","0","44"
"2","B2","ブナ",6,0,2,2,"","73","0","46"
"2","B2","マユミ",2,0,0,0.5,"","75","0","48"
"2","B2","ミズキ",4,0,0,0,"","74","0","47"
"2","B2","メイゲツカエデ",0,0,5,0.5,"","81","","54"
"2","B2","ヤマウルシ",0,0,2,0,"","78","","51"
"2","C","ウメガサソウ",0,0.5,0,0,"","84","0.5","57"
"2","C","エンレイソウ",0,0,0,0.5,"","","","75"
"2","C","オオバユキザサ",0,2,0.5,0,"","85","2","58"
"2","C","オシダ",0.5,0.5,0,0.5,"","86","0.5","59"
"2","C","コイワカガミ",2,0,0.5,0,"","97","0","70"
"2","C","コカンスゲ",3,0,0,0,"","98","0","71"
"2","C","サワダツ",0,0,0.5,0.5,"","79","","52"
"2","C","シノブカグマ",0,0,0.5,0,"","100","","73"
"2","C","シラネワラビ",5,20,30,30,"","87","6","60"
"2","C","タケシマラン",0,0.5,0.5,0.5,"","88","0.5","61"
"2","C","タチシオデ",0,0.5,0,0,"","89","0.5","62"
"2","C","タニギキョウ",0,0.5,0,0,"","90","0.5","63"
"2","C","チゴユリ",4,8,0.5,1,"","91","4","64"
"2","C","ツルアリドオシ",3,4,0.5,0.5,"","92","3","65"
"2","C","ハイイヌツゲ",0.5,0,0,0,"","70","0","43"
"2","C","ヒメカンアオイ",0,0.5,0.5,0.5,"","93","0.5","66"
"2","C","ヒメモチ",1,0,0.5,0.5,"","72","0","45"
"2","C","ホウチャクソウ",0.5,0,0,0,"","99","0","72"
"2","C","ミヤマカンスゲ",0,5,5,10,"","94","4","67"
"2","C","ヤマソテツ",4,1,1,1,"","95","1","68"
"2","C","ユキザサ",1,0,0.5,0.5,"","96","0","69"
"2","S","チシマザサ",7,30,10,20,"","101","6","74"
"3","B2","アオダモ",0,0.5,1,0.5,"","105","0.5","77"
"3","B2","イタヤカエデ",0,0,1,0,"","131","","93"
"3","B2","ウリハダカエデ",0.5,5,1,1.5,"","116","4","78"
"3","B2","ウワミズザクラ",4,1,1,3,"","117","1","79"
"3","B2","オオカメノキ",6,25,25,30,"","118","6","80"
"3","B2","オオバクロモジ",5,15,1,20,"","119","5","81"
"3","B2","コシアブラ",0,1,4,5.5,"","120","1","82"
"3","B2","ツノハシバミ",1,0,0,0,"","121","0","83"
"3","B2","ナナカマド",0,0.5,1,0,"","122","0.5","84"
"3","B2","ノリウツギ",0,0,0.5,0,"","133","","95"
"3","B2","ハイイヌガヤ",0.5,0,0,0,"","123","0","85"
"3","B2","ハウチワカエデ",0,0,0,2,"","","","110"
"3","B2","ヒメアオキ",0,5,1,1,"","125","4","87"
"3","B2","ブナ",5,8,5,1,"","126","4","88"
"3","B2","ホオノキ",0,5,5,3,"","127","4","89"
"3","B2","ミズキ",3,0,0,0,"","128","0","90"
"3","B2","ヤマウルシ",3,2,1,0.5,"","130","2","92"
"3","C","コイワカガミ",4,0,0,0,"","145","0","107"
"3","C","コカンスゲ",4,0,0,0,"","146","0","108"
"3","C","シラネワラビ",5,10,20,35,"","134","5","96"
"3","C","チゴユリ",3,3,1,1,"","135","3","97"
"3","C","ツクバネソウ",0.5,0,0,0,"","136","0","98"
"3","C","ツルアリドオシ",3,8,1,0.8,"","137","4","99"
"3","C","ツルリンドウ",0,0.5,0.5,0,"","138","0.5","100"
"3","C","ナライシダ",0,4,0.5,0,"","139","3","101"
"3","C","ハイイヌツゲ",0.5,0,0,0,"","124","0","86"
"3","C","ヒメカンアオイ",0.5,1,3,2,"","140","1","102"
"3","C","ヒメモチ",0,0,1,0.5,"","132","","94"
"3","C","マイヅルソウ",0,0.5,0.5,0,"","141","0.5","103"
"3","C","ミヤマカンスゲ",0,6,8,8,"","142","4","104"
"3","C","ミヤマシキミ",0,0.5,0,0,"","129","0.5","91"
"3","C","ヤマソテツ",4,3,1,1,"","143","3","105"
"3","C","ユキザサ",1,2,0.5,0.5,"","144","2","106"
"3","S","チシマザサ",8,50,35,30,"","147","8","109"
"4","B2","アオダモ",0,0.5,1,3,"","151","0.5","111"
"4","B2","イタヤカエデ",0,0,0.5,0,"","178","","131"
"4","B2","ウリハダカエデ",0,4,4,2,"","159","3","112"
"4","B2","ウワミズザクラ",3,4,1,3,"","160","3","113"
"4","B2","エゾユズリハ",0,0.5,1,0,"","161","0.5","114"
"4","B2","オオカメノキ",6,20,15,20,"","162","6","115"
"4","B2","オオバクロモジ",5,6,1,4,"","163","4","116"
"4","B2","コシアブラ",0.5,0,2,1.5,"","164","0","117"
"4","B2","コマユミ",0.5,0,0.5,0.5,"","165","0","118"
"4","B2","トチノキ",0,0,0.5,0,"","174","","127"
"4","B2","ナナカマド",0,0.5,1,1,"","166","0.5","119"
"4","B2","ヒメアオキ",3,1,1,0.5,"","168","1","121"
"4","B2","ブナ",5,12,3,6,"","169","5","122"
"4","B2","ホオノキ",0,0,3,1,"","175","","128"
"4","B2","マユミ",5,0,0,0,"","173","0","126"
"4","B2","ミズキ",3,0,0,0,"","170","0","123"
"4","B2","メイゲツカエデ",0,15,7,6.5,"","171","5","124"
"4","B2","ヤマウルシ",0,5,1,0.5,"","172","4","125"
"4","C","コカンスゲ",3,0,0,0,"","186","0","139"
"4","C","サワダツ",0,0,0.5,0,"","177","","130"
"4","C","シラネワラビ",5,10,7,8,"","179","5","132"
"4","C","チゴユリ",1,1,0.5,0.5,"","180","1","133"
"4","C","ナライシダ",0,5,2,0,"","181","4","134"
"4","C","ハイイヌツゲ",0.5,0,0,0,"","167","0","120"
"4","C","ヒメカンアオイ",0,0,1,0.5,"","187","","140"
"4","C","ヒメモチ",0,0,0.5,0.5,"","176","","129"
"4","C","ヒメモチ",0,0,0.5,0.5,"","188","","141"
"4","C","ミヤマカンスゲ",0,5,15,8,"","182","4","135"
"4","C","ヤマイヌワラビ",0,0.5,0,0,"","183","0.5","136"
"4","C","ヤマソテツ",4,3,10,2.5,"","184","3","137"
"4","C","ユキザサ",0.5,0.5,0.5,0.5,"","185","0.5","138"
"4","S","チシマザサ",8,60,30,20,"","189","8","142"
"5","B2","アオダモ",0,0,0.5,0,"","218","","159"
"5","B2","イタヤカエデ",0,0,0.5,0.5,"","219","","160"
"5","B2","ウリハダカエデ",0,8,20,10,"","194","4","143"
"5","B2","ウワミズザクラ",4,2,5,4,"","203","2","144"
"5","B2","オオカメノキ",5,15,4,15,"","204","5","145"
"5","B2","オオバクロモジ",5,5,2,6,"","205","4","146"
"5","B2","コシアブラ",0,0.5,0.5,0.7,"","206","0.5","147"
"5","B2","コマユミ",0,0.5,0.5,0.5,"","207","0.5","148"
"5","B2","タニウツギ",0,0,3,0,"","215","","156"
"5","B2","ツリバナ",0,1,0,0,"","208","1","149"
"5","B2","ツリバナ",0,0,0,0.5,"","","","177"
"5","B2","トチノキ",0,0.5,0.5,0.5,"","209","0.5","150"
"5","B2","ノリウツギ",0,2,1,3,"","210","2","151"
"5","B2","ブナ",6,30,20,6,"","213","6","154"
"5","B2","ミズキ",4,0,0,0,"","214","0","155"
"5","B2","メイゲツカエデ",0,0,0.5,1,"","217","","158"
"5","B2","ヤマウルシ",0,0,0,0.5,"","","","176"
"5","C","ギンリョウソウ",0,0,0,0.5,"","","","175"
"5","C","サワダツ",0,0,0.5,0,"","216","","157"
"5","C","シノブカグマ",0,0,0.5,0,"","230","","171"
"5","C","シラネワラビ",6,20,15,30,"","220","6","161"
"5","C","タニギキョウ",0,0,0.5,0.5,"","231","","172"
"5","C","チゴユリ",1,1,0.5,0.5,"","221","1","162"
"5","C","ツルアリドオシ",2,3,0,0.5,"","222","3","163"
"5","C","トチバニンジン",0,0.5,0,0,"","223","0.5","164"
"5","C","ハイイヌツゲ",1,0,0,0,"","211","0","152"
"5","C","ヒメカンアオイ",4,0,0,0,"","224","0","165"
"5","C","ヒメモチ",3,1,0.5,0.5,"","212","1","153"
"5","C","ヒロハユキザサ",0,0,0.5,0,"","232","","173"
"5","C","マイヅルソウ",0,0.5,0,0,"","225","0.5","166"
"5","C","ミヤマイタチシダ",0,0,0,0.5,"","","","178"
"5","C","ミヤマウズラ",0,0.5,0,0,"","226","0.5","167"
"5","C","ミヤマカンスゲ",0,10,5,8,"","227","5","168"
"5","C","ヤマソテツ",5,10,10,20,"","228","5","169"
"5","C","ユキザサ",0.5,0.5,5,0.5,"","229","0.5","170"
"5","S","チシマザサ",7,35,10,7,"","233","7","174"
"6","B2","アオダモ",0,0.5,1,0,"","237","0.5","179"
"6","B2","イタヤカエデ",0,0,0.5,0.5,"","256","","194"
"6","B2","ウリハダカエデ",0.5,5,1,1,"","242","4","180"
"6","B2","ウワミズザクラ",4,0.5,0.5,2,"","243","0.5","181"
"6","B2","エゾユズリハ",0.5,0,0,0,"","244","0","182"
"6","B2","オオカメノキ",5,12,25,25,"","245","5","183"
"6","B2","オオバクロモジ",5,10,10,18,"","246","5","184"
"6","B2","コマユミ",6,0,0,0.5,"","247","0","185"
"6","B2","ツノハシバミ",0.5,0,0,0,"","248","0","186"
"6","B2","トチノキ",0,0.5,0.5,0.5,"","249","0.5","187"
"6","B2","ハイイヌガヤ",0.5,20,4,7,"","250","6","188"
"6","B2","ヒメアオキ",3,5,10,2,"","251","4","189"
"6","B2","ブナ",0,10,1,0.5,"","253","5","191"
"6","B2","ミズキ",3,0,0,0,"","254","0","192"
"6","B2","ヤマウルシ",0,3,2,0.5,"","255","3","193"
"6","C","オシダ",0,0.5,0.5,0.5,"","257","0.5","195"
"6","C","コカンスゲ",5,0,0,0,"","267","0","205"
"6","C","シラネワラビ",5,18,30,32,"","258","5","196"
"6","C","タケシマラン",0,0,0.5,0.5,"","268","","206"
"6","C","チゴユリ",0,0.5,0.5,0.5,"","259","0.5","197"
"6","C","ツクバネソウ",0,0,0,0.5,"","","","208"
"6","C","ツルアリドオシ",0.5,3,0.5,0.5,"","260","3","198"
"6","C","トチバニンジン",0,0.5,0,0.5,"","261","0.5","199"
"6","C","ヒメカンアオイ",0,5,1,0.5,"","262","4","200"
"6","C","ヒメカンアオイ",0,0,0,1,"","","","209"
"6","C","ヒメモチ",0,3,1,0.5,"","252","3","190"
"6","C","ミヤマカンスゲ",0,15,20,8,"","263","5","201"
"6","C","ヤマイヌワラビ",0,0.5,0.5,0.5,"","264","0.5","202"
"6","C","ヤマソテツ",1,3,3,5,"","265","3","203"
"6","C","ユキザサ",3,3,1,0.5,"","266","3","204"
"6","S","チシマザサ",8,60,20,30,"","269","8","207"
"7","B2","アオダモ",0,2,1,1,"","273","2","210"
"7","B2","イタヤカエデ",0,0.5,0.5,0.5,"","277","0.5","211"
"7","B2","ウリハダカエデ",0.5,4,3,6,"","278","3","212"
"7","B2","ウワミズザクラ",0,0,1,4,"","292","","226"
"7","B2","エゾユズリハ",0,0,1,1,"","291","","225"
"7","B2","エゾユズリハ",0,0,0,1,"","","","241"
"7","B2","オオカメノキ",5,15,20,23,"","279","5","213"
"7","B2","オオバクロモジ",5,10,7,15,"","280","5","214"
"7","B2","コシアブラ",0,1,2,1,"","281","1","215"
"7","B2","コマユミ",4,0,0.5,0.5,"","282","0","216"
"7","B2","トチノキ",0,0,0,0.5,"","","","243"
"7","B2","ノリウツギ",0.5,0,0,0,"","283","0","217"
"7","B2","ハイイヌガヤ",0.5,4,1,3,"","284","3","218"
"7","B2","ヒメアオキ",4,5,3,2,"","286","4","220"
"7","B2","ブナ",5,12,1,0.5,"","288","5","222"
"7","B2","ミズキ",2,0,0.5,0,"","289","0","223"
"7","B2","ヤマウルシ",0,5,2,3.5,"","290","4","224"
"7","C","コイワカガミ",1,0,0,0,"","302","0","236"
"7","C","コカンスゲ",4,0,0,0,"","303","0","237"
"7","C","シラネワラビ",6,25,40,28,"","293","6","227"
"7","C","タチシオデ",0,0.5,0,0.5,"","294","0.5","228"
"7","C","チゴユリ",0,0,0.5,0.5,"","305","","239"
"7","C","ツルアリドオシ",0,0,0.5,0.5,"","304","","238"
"7","C","ツルリンドウ",0,0.5,0,0.5,"","295","0.5","229"
"7","C","ナライシダ",0,2,0.5,0.5,"","296","2","230"
"7","C","ハイイヌツゲ",0.5,1,0.5,0.5,"","285","1","219"
"7","C","ヒメカンアオイ",0.5,0,1,0.5,"","297","0","231"
"7","C","ヒメモチ",0,3,2,1,"","287","3","221"
"7","C","ミヤマイタチシダ",0,0,0,0.5,"","","","244"
"7","C","ミヤマウズラ",0,0,0,0.5,"","","","242"
"7","C","ミヤマカンスゲ",0,12,10,7,"","298","5","232"
"7","C","ヤマイヌワラビ",0,0.5,0,0,"","299","0.5","233"
"7","C","ヤマソテツ",1,2,3,5,"","300","2","234"
"7","C","ユキザサ",0.5,2,1,0.5,"","301","2","235"
"7","S","チシマザサ",8,30,25,23,"","306","6","240"
"8","B2","アオダモ",0,1,0.5,1,"","311","1","245"
"8","B2","イタヤカエデ",0,0,0.5,0,"","328","","258"
"8","B2","イタヤカエデ",0,0,0.5,0,"","332","","262"
"8","B2","ウリハダカエデ",0,6,0,4,"","316","4","246"
"8","B2","ウワミズザクラ",3,0,0.5,0.5,"","317","0","247"
"8","B2","オオカメノキ",6,30,30,35,"","318","6","248"
"8","B2","オオバクロモジ",4,5,5,19,"","319","4","249"
"8","B2","コシアブラ",0,1,2,4,"","320","1","250"
"8","B2","サワフタギ",0,0,1,1.5,"","330","","260"
"8","B2","タムシバ",0,0,0,0.5,"","","","279"
"8","B2","トチノキ",0,0,0.5,0,"","331","","261"
"8","B2","ハイイヌガヤ",1,0,0.5,0.5,"","321","0","251"
"8","B2","ヒメアオキ",1,0,0.5,0.5,"","323","0","253"
"8","B2","ブナ",4,10,1,0.5,"","324","5","254"
"8","B2","ホオノキ",0,0,0,1.5,"","","","278"
"8","B2","マユミ",0.5,0,0,0,"","327","0","257"
"8","B2","ミズキ",0.5,0,0,0,"","325","0","255"
"8","B2","メイゲツカエデ",0,0,0.5,0.5,"","329","","259"
"8","B2","ヤマウルシ",0,1,2,4,"","326","1","256"
"8","C","コイワカガミ",0.5,0,0,0,"","343","0","273"
"8","C","コカンスゲ",4,0,0,0,"","344","0","274"
"8","C","シラネワラビ",5,20,0.5,14,"","334","6","264"
"8","C","タケシマラン",0,1,0.5,0.5,"","335","1","265"
"8","C","チゴユリ",0.5,0.5,0.5,0.5,"","336","0.5","266"
"8","C","チゴユリ",0,0,0,4.5,"","","","277"
"8","C","ツクバネソウ",0,0.5,0.5,0,"","337","0.5","267"
"8","C","ツルアリドオシ",0.5,0.5,0.5,0.5,"","338","0.5","268"
"8","C","ナライシダ",0,3,0.5,0.5,"","339","3","269"
"8","C","ハイイヌツゲ",0,0.5,0,0.5,"","322","0.5","252"
"8","C","ヒメモチ",0,0,0.5,0.5,"","333","","263"
"8","C","ホウチャクソウ",1,0,0,0,"","345","0","275"
"8","C","ミヤマカンスゲ",0,10,3,4.5,"","340","5","270"
"8","C","ヤマソテツ",1,2,1,0.5,"","341","2","271"
"8","C","ユキザサ",3,4,0.5,0.3,"","342","3","272"
"8","S","チシマザサ",7,35,15,11,"","346","7","276"
"9","B2","ウリハダカエデ",0,5,1,1,"","349","4","280"
"9","B2","ウワミズザクラ",4,2,2,2,"","357","2","281"
"9","B2","オオカメノキ",5,12,25,21,"","358","5","282"
"9","B2","オオバクロモジ",4,2,4,7,"","359","2","283"
"9","B2","コシアブラ",0,0.5,1,0,"","360","0.5","284"
"9","B2","コマユミ",0,0,0,0.5,"","","","308"
"9","B2","サワフタギ",0,3,3,7,"","361","3","285"
"9","B2","タムシバ",0,0.5,0.5,0.5,"","362","0.5","286"
"9","B2","ツノハシバミ",0.5,0,0,0,"","363","0","287"
"9","B2","ハイイヌガヤ",0.5,0,0,0,"","364","0","288"
"9","B2","ブナ",6,25,5,58,"","367","6","291"
"9","B2","ホオノキ",0,0,0,1,"","","","307"
"9","B2","マユミ",4,0,0,0,"","371","0","295"
"9","B2","ミズキ",3,0,0,0,"","368","0","292"
"9","B2","メイゲツカエデ",0,4,5,5,"","369","3","293"
"9","B2","ヤマウルシ",0,0.5,0.5,0.5,"","370","0.5","294"
"9","C","エンレイソウ",0,0.5,0,0,"","372","0.5","296"
"9","C","コカンスゲ",4,0,0,0,"","379","0","303"
"9","C","シラネワラビ",6,20,25,30,"","373","6","297"
"9","C","タチシオデ",0,0.5,0,0,"","374","0.5","298"
"9","C","ツルアリドオシ",0.5,0,0,0,"","375","0","299"
"9","C","ハイイヌツゲ",0.5,0,0,0,"","365","0","289"
"9","C","ヒメモチ",0,0.5,0.5,0.5,"","366","0.5","290"
"9","C","ヒロハユキザサ",0,0,0.5,0.5,"","380","","304"
"9","C","ミヤマカンスゲ",0,10,12,8,"","376","5","300"
"9","C","ヤマイヌワラビ",0,0,0.5,0.5,"","381","","305"
"9","C","ヤマソテツ",4,4,3,5,"","377","3","301"
"9","C","ユキザサ",3,4,1,1,"","378","3","302"
"9","S","チシマザサ",8,50,10,12,"","382","8","306"
"10","B2","アオダモ",0,0.5,0.5,0,"","387","0.5","309"
"10","B2","イタヤカエデ",0.5,0,0,0,"","397","0","310"
"10","B2","ウリハダカエデ",0,5,2,2,"","398","4","311"
"10","B2","ウワミズザクラ",4,6,5,5,"","399","4","312"
"10","B2","オオカメノキ",5,15,10,4,"","400","5","313"
"10","B2","オオバクロモジ",0,2,6,7,"","401","2","314"
"10","B2","コシアブラ",0,0,0,2,"","","","341"
"10","B2","サワフタギ",0,0.5,0,0.5,"","402","0.5","315"
"10","B2","ツリバナ",0,0,0,0.5,"","","","344"
"10","B2","トチノキ",0,0.5,0,0,"","403","0.5","316"
"10","B2","トチノキ",0,0,0,0.5,"","","","348"
"10","B2","ヒメアオキ",0,0,0,0.5,"","","","347"
"10","B2","ブナ",0,0,0,5,"","","","343"
"10","B2","ホオノキ",0,3,1,1,"","406","3","319"
"10","B2","マユミ",3,0,0,0,"","410","0","323"
"10","B2","ミズキ",3,0,0.5,0.5,"","407","0","320"
"10","B2","メイゲツカエデ",0,3,3,0,"","408","3","321"
"10","B2","ヤマウルシ",1,0.5,1,1,"","409","0.5","322"
"10","C","エンレイソウ",0,0,0,0.5,"","","","342"
"10","C","ギンリョウソウ",0,0.5,0.5,0,"","411","0.5","324"
"10","C","サンカヨウ",0,0,0,0.5,"","","","345"
"10","C","シラネワラビ",5,18,20,15,"","412","5","325"
"10","C","タケシマラン",0,0.5,0,0,"","413","0.5","326"
"10","C","タチシオデ",0,0,0,0.5,"","","","346"
"10","C","タニギキョウ",0,0.5,0,0,"","414","0.5","327"
"10","C","チゴユリ",3,3,1,1,"","415","3","328"
"10","C","ツクバネソウ",0,0.5,0,0,"","416","0.5","329"
"10","C","ツルアリドオシ",0.5,1,0,0,"","417","1","330"
"10","C","ツルリンドウ",0,0,0.5,0.5,"","424","","337"
"10","C","ハイイヌツゲ",0.5,0,0,0,"","404","0","317"
"10","C","ヒメカンアオイ",2,0,0.5,0,"","418","0","331"
"10","C","ヒメモチ",0,2,2,2,"","405","2","318"
"10","C","ホウチャクソウ",0.5,0,0,0,"","423","0","336"
"10","C","マイヅルソウ",0,0,0.5,0,"","426","","339"
"10","C","ミヤマウズラ",0,0,0.5,0,"","425","","338"
"10","C","ミヤマカンスゲ",0,5,15,8,"","419","4","332"
"10","C","ヤマイヌワラビ",0,0.5,0,0.5,"","420","0.5","333"
"10","C","ヤマソテツ",4,5,4,13,"","421","4","334"
"10","C","ユキザサ",4,4,1,1,"","422","3","335"
"10","S","チシマザサ",8,50,10,13,"","427","8","340"
"11","B2","アオダモ",0,1,1,1,"","431","1","349"
"11","B2","イタヤカエデ",0.5,1,0.5,0.5,"","440","1","350"
"11","B2","ウリハダカエデ",0,2,1,1,"","441","2","351"
"11","B2","ウワミズザクラ",3,0,0,0,"","442","0","352"
"11","B2","オオイタヤメイゲツ",0,0,1,0,"","472","","382"
"11","B2","オオカメノキ",5,18,30,20,"","443","5","353"
"11","B2","オオバクロモジ",5,6,10,13,"","444","4","354"
"11","B2","クサアジサイ",0,1,0.5,0,"","460","1","370"
"11","B2","コシアブラ",0,0.5,1,3,"","445","0.5","355"
"11","B2","コマユミ",4,0.5,0.5,0.2,"","446","0.5","356"
"11","B2","ツノハシバミ",0,0.5,0,0,"","447","0.5","357"
"11","B2","ツリバナ",0,0.5,0.5,0,"","448","0.5","358"
"11","B2","トチノキ",0.5,0,0.5,0,"","449","0","359"
"11","B2","ノリウツギ",2,0,0,0,"","450","0","360"
"11","B2","ハイイヌガヤ",1,6,1,2,"","451","4","361"
"11","B2","ヒメアオキ",0,5,5,3,"","453","4","363"
"11","B2","ブナ",0,0,3,2,"","458","","368"
"11","B2","マユミ",1,0,0,0,"","457","0","367"
"11","B2","ミズキ",4,0.5,0.5,0,"","455","0.5","365"
"11","B2","メイゲツカエデ",0,1,1,1,"","456","1","366"
"11","B2","ヤマウルシ",0,0,0.5,3,"","459","","369"
"11","C","オシダ",0,0,0,0.2,"","","","387"
"11","C","コカンスゲ",5,0,1,0,"","471","0","381"
"11","C","シノブカグマ",0,0,0.5,0,"","475","","385"
"11","C","シラネワラビ",5,15,30,30,"","461","5","371"
"11","C","タチシオデ",0,0,0.5,0.2,"","473","","383"
"11","C","タニギキョウ",0,0.5,0.5,0,"","462","0.5","372"
"11","C","チゴユリ",0.5,2,1,0.2,"","463","2","373"
"11","C","ツルアリドオシ",3,3,0.5,0.5,"","464","3","374"
"11","C","ナライシダ",0,3,0.5,0,"","465","3","375"
"11","C","ハイイヌツゲ",0,1,0,0,"","452","1","362"
"11","C","ヒメカンアオイ",0,0,1,1,"","474","","384"
"11","C","ヒメモチ",0,2,2,2,"","454","2","364"
"11","C","ミヤマウズラ",0,0.5,0.5,0.2,"","466","0.5","376"
"11","C","ミヤマカンスゲ",0,10,20,20,"","467","5","377"
"11","C","ヤマイヌワラビ",0,0.5,0,1,"","468","0.5","378"
"11","C","ヤマソテツ",4,4,3,5,"","469","3","379"
"11","C","ユキザサ",0.5,3,0,0.5,"","470","3","380"
"11","S","チシマザサ",8,60,40,40,"","476","8","386"
"12","B2","アオダモ",0,0.5,0.5,3,"","479","0.5","388"
"12","B2","イタヤカエデ",0,0.5,0.5,0.5,"","491","0.5","389"
"12","B2","ウリハダカエデ",0,3,1,2,"","492","3","390"
"12","B2","ウワミズザクラ",0,0,1,1,"","510","","408"
"12","B2","オオイタヤメイゲツ",0,0,5,0,"","509","","407"
"12","B2","オオカメノキ",4,8,35,200,"","493","4","391"
"12","B2","オオバクロモジ",5,6,5,8,"","494","4","392"
"12","B2","コシアブラ",0.5,0.5,2,4,"","495","0.5","393"
"12","B2","コマユミ",0,0,0.5,0.2,"","524","","422"
"12","B2","ツリバナ",0,0,0.5,1,"","522","","420"
"12","B2","トチノキ",0,0.5,0.5,0.5,"","496","0.5","394"
"12","B2","ナナカマド",0,0.5,0.5,0.5,"","497","0.5","395"
"12","B2","ノリウツギ",1,0,0,0,"","498","0","396"
"12","B2","ハイイヌガヤ",0.5,0,0,1,"","499","0","397"
"12","B2","ヒメアオキ",3,5,1,4,"","501","4","399"
"12","B2","ブナ",5,12,5,4,"","502","5","400"
"12","B2","マユミ",4,0,0,0,"","507","0","405"
"12","B2","ミズキ",2,0,0,0,"","503","0","401"
"12","B2","メイゲツカエデ",0,4,5,2,"","504","3","402"
"12","B2","ヤマウルシ",0,2,7,8,"","505","2","403"
"12","B2","ヤマモミジ",0,2,1,3,"","506","2","404"
"12","C","コカンスゲ",5,0,0,0,"","521","0","419"
"12","C","シノブカグマ",0,0.5,1,1.5,"","511","0.5","409"
"12","C","シラネワラビ",6,15,40,15,"","512","5","410"
"12","C","チゴユリ",0,0,1,0.5,"","523","","421"
"12","C","ツルアリドオシ",2,2,3,3,"","513","2","411"
"12","C","ツルリンドウ",0,0.5,0,0,"","514","0.5","412"
"12","C","ナライシダ",0,1,1,0,"","515","1","413"
"12","C","ハイイヌツゲ",0.5,4,3,2,"","500","3","398"
"12","C","ヒメモチ",0,0,1,1,"","508","","406"
"12","C","ミヤマウズラ",0,0.5,1,0,"","516","0.5","414"
"12","C","ミヤマカンスゲ",0,20,30,20,"","517","6","415"
"12","C","ヤマイヌワラビ",0,0.5,0.5,0.5,"","518","0.5","416"
"12","C","ヤマソテツ",0,0.5,5,8,"","519","0.5","417"
"12","C","ユキザサ",2,2,1,0.5,"","520","2","418"
"12","S","チシマザサ",8,0.5,40,30,"","525","0.5","423"
"13","B2","アオダモ",0,2,2,2,"","529","2","424"
"13","B2","イタヤカエデ",0,1,0.5,0.5,"","538","1","425"
"13","B2","ウリハダカエデ",0.5,5,1,1,"","539","4","426"
"13","B2","ウワミズザクラ",4,0,0,2,"","540","0","427"
"13","B2","オオカメノキ",5,10,25,20,"","541","5","428"
"13","B2","オオバクロモジ",4,10,10,25,"","542","5","429"
"13","B2","コシアブラ",0.5,1,5,14,"","543","1","430"
"13","B2","コマユミ",0.5,0,0,0.2,"","544","0","431"
"13","B2","サワフタギ",0,0,1,1,"","555","","442"
"13","B2","ツノハシバミ",0.5,0,0,0,"","545","0","432"
"13","B2","トチノキ",0,0.5,1,0.2,"","546","0.5","433"
"13","B2","ナナカマド",0,0,0.5,1,"","554","","441"
"13","B2","ブナ",0,0,40,5,"","553","","440"
"13","B2","ホオノキ",0,1,10,4,"","548","1","435"
"13","B2","マユミ",3,0,0,0,"","552","0","439"
"13","B2","ミズキ",3,0,0,0,"","549","0","436"
"13","B2","メイゲツカエデ",0,5,1,2,"","550","4","437"
"13","B2","ヤマウルシ",0.5,1,1,5,"","551","1","438"
"13","C","ウド",0,0.5,0,0,"","556","0.5","443"
"13","C","エンレイソウ",0,0,0.5,0,"","573","","460"
"13","C","オシダ",0,0.5,1,1,"","557","0.5","444"
"13","C","コカンスゲ",4,0,0,0,"","570","0","457"
"13","C","サワダツ",0,0,0.5,0,"","575","","462"
"13","C","シノブカグマ",0,0.5,0.5,0,"","558","0.5","445"
"13","C","シラネワラビ",4,5,10,10,"","559","4","446"
"13","C","タチシオデ",0.5,0,0,0,"","560","0","447"
"13","C","タニギキョウ",0,0,0.5,0.2,"","574","","461"
"13","C","チゴユリ",0.5,0,0.5,0.1,"","561","0","448"
"13","C","ツクバネソウ",0,0.5,0,0,"","562","0.5","449"
"13","C","ツルアリドオシ",0.5,5,0.5,2,"","563","4","450"
"13","C","ナライシダ",0,1,1,0.5,"","564","1","451"
"13","C","ヒメカンアオイ",0.5,0,0,0,"","565","0","452"
"13","C","ヒメモチ",0,0.5,0.5,0.5,"","547","0.5","434"
"13","C","ヒロハユキザサ",0,0,0.5,0.5,"","572","","459"
"13","C","ミヤマウズラ",0,0,1,0,"","571","","458"
"13","C","ミヤマカンスゲ",0,8,15,3,"","566","4","453"
"13","C","ヤマイヌワラビ",0,0.5,2,0.5,"","567","0.5","454"
"13","C","ヤマソテツ",2,3,5,4,"","568","3","455"
"13","C","ヤマドリゼンマイ",0,0,0,1,"","","","464"
"13","C","ユキザサ",3,2,0.5,1,"","569","2","456"
"13","S","チシマザサ",6,25,30,20,"","576","6","463"
"14","B2","アクシバ",0,0,1,2,"","606","","482"
"14","B2","イタヤカエデ",0,0,0.5,0,"","607","","483"
"14","B2","ウリハダカエデ",0.5,8,1,5,"","581","4","465"
"14","B2","ウワミズザクラ",5,0,2,2,"","590","0","466"
"14","B2","オオイタヤメイゲツ",0,0,1,0,"","604","","480"
"14","B2","オオカメノキ",4,5,5,10,"","591","4","467"
"14","B2","オオバクロモジ",5,6,1,3,"","592","4","468"
"14","B2","コシアブラ",0,0,1,1,"","601","","477"
"14","B2","コマユミ",0,0,0.5,0.5,"","603","","479"
"14","B2","スノキ",0,1,1,0,"","593","1","469"
"14","B2","タムシバ",0,0,1,0.5,"","608","","484"
"14","B2","ツリバナ",0,0,0.5,0.2,"","609","","485"
"14","B2","トチノキ",0,0,0.5,0.5,"","605","","481"
"14","B2","ヒメアオキ",3,2,1,1,"","595","2","471"
"14","B2","ブナ",6,25,20,8,"","597","6","473"
"14","B2","ミズキ",2,0.5,0.5,1,"","598","0.5","474"
"14","B2","メイゲツカエデ",0,0,1,1,"","602","","478"
"14","B2","ヤマウルシ",0,3,1,2,"","600","3","476"
"14","C","エンレイソウ",0,0,0,0.2,"","","","505"
"14","C","オシダ",0.5,3,1,0,"","610","3","486"
"14","C","カメバヒキオコシ",0.5,0.5,0.5,1,"","611","0.5","487"
"14","C","コカンスゲ",5,0,0,0,"","621","0","497"
"14","C","サンカヨウ",0,0.5,0,0,"","612","0.5","488"
"14","C","ジュウモンジシダ",0,0,0.5,0,"","626","","502"
"14","C","シラネアオイ",0,18,5,0.1,"","613","5","489"
"14","C","シラネワラビ",5,0,7,10,"","614","0","490"
"14","C","タケシマラン",0,0,0.5,0.5,"","625","","501"
"14","C","タチシオデ",0,0.5,0,0,"","615","0.5","491"
"14","C","タニギキョウ",0,0,0.5,0.5,"","627","","503"
"14","C","チゴユリ",0,0,0.5,0.5,"","623","","499"
"14","C","ツルアリドオシ",0,0,0,1,"","","","506"
"14","C","ツルリンドウ",0,0,1,0,"","622","","498"
"14","C","ナライシダ",0,0.5,0.5,1,"","616","0.5","492"
"14","C","ハイイヌツゲ",0.5,0,0,0,"","594","0","470"
"14","C","ヒメモチ",0,0.5,0.5,14,"","596","0.5","472"
"14","C","ミヤマウズラ",0,0.5,0,0,"","617","0.5","493"
"14","C","ミヤマカンスゲ",0,8,15,20,"","618","4","494"
"14","C","ミヤマシキミ",0,0.5,0,0,"","599","0.5","475"
"14","C","ヤマイヌワラビ",0,0,0.5,1,"","624","","500"
"14","C","ヤマソテツ",5,10,6,10,"","619","5","495"
"14","C","ユキザサ",4,4,0.5,0.5,"","620","3","496"
"14","S","チシマザサ",8,50,10,10,"","628","8","504"
"15","B2","アオダモ",0,0,0.1,0.1,"","659","","524"
"15","B2","イタヤカエデ",0,0,0.1,0.2,"","657","","522"
"15","B2","ウリハダカエデ",0,1,0.1,2,"","633","1","507"
"15","B2","ウワミズザクラ",0,6,5,3,"","643","4","508"
"15","B2","オオカメノキ",5,5,7,4,"","644","4","509"
"15","B2","オオバクロモジ",4,4,4,3,"","645","3","510"
"15","B2","コシアブラ",0,0,0.1,0.5,"","658","","523"
"15","B2","コマユミ",0,0.5,0.1,0.2,"","646","0.5","511"
"15","B2","ツノハシバミ",0,0.5,0,0,"","647","0.5","512"
"15","B2","ツリバナ",0,0,2,1,"","656","","521"
"15","B2","トチノキ",0,0.5,0.2,0.5,"","648","0.5","513"
"15","B2","ヒメアオキ",0,0.5,0.5,1,"","650","0.5","515"
"15","B2","ブナ",6,20,10,16,"","651","6","516"
"15","B2","ホオノキ",0,1,1,1,"","652","1","517"
"15","B2","ミズキ",4,0,0,0,"","653","0","518"
"15","B2","ヤマウルシ",0.5,0,0,0,"","655","0","520"
"15","C","オシダ",0,0.5,0,1,"","660","0.5","525"
"15","C","カメバヒキオコシ",0.5,0.5,1,3,"","661","0.5","526"
"15","C","コカンスゲ",5,0,0,0,"","675","0","540"
"15","C","サカゲイノデ",0,0.5,2,0.5,"","662","0.5","527"
"15","C","サラシナショウマ",0,0.5,0,0,"","663","0.5","528"
"15","C","ジュウモンジシダ",0,0.5,0,0,"","664","0.5","529"
"15","C","シラネワラビ",4,10,5,15,"","665","5","530"
"15","C","タケシマラン",0,1,0.1,0.5,"","666","1","531"
"15","C","タチシオデ",0,0.5,0.1,0.2,"","667","0.5","532"
"15","C","タチシオデ",0,0,0,0.5,"","","","546"
"15","C","タニギキョウ",0,0,0,0.5,"","","","545"
"15","C","ツクバネソウ",0.5,0,0,0,"","668","0","533"
"15","C","ツルアリドオシ",0.5,0.5,0,0,"","669","0.5","534"
"15","C","ツルリンドウ",0,0.5,0,0.2,"","670","0.5","535"
"15","C","テンニンソウ",0,0,0,0.5,"","","","544"
"15","C","トチバニンジン",0,0,0.2,0.2,"","677","","542"
"15","C","ハイイヌツゲ",2,0,0,0,"","649","0","514"
"15","C","ホウチャクソウ",1,0,0,0.5,"","676","0","541"
"15","C","ミヤマカンスゲ",0,10,6,6,"","671","5","536"
"15","C","ミヤマシキミ",0,0.5,0,0,"","654","0.5","519"
"15","C","ヤマイヌワラビ",0,0.5,0.2,1,"","672","0.5","537"
"15","C","ヤマソテツ",3,3,8,6,"","673","3","538"
"15","C","ユキザサ",3,3,0.5,0.5,"","674","3","539"
"15","S","チシマザサ",8,50,20,20,"","678","8","543"
"16","B2","アオダモ",0,3,2,2,"","683","3","547"
"16","B2","イタヤカエデ",0,0.5,0.1,0.1,"","688","0.5","548"
"16","B2","ウリハダカエデ",0.5,4,1,0.2,"","689","3","549"
"16","B2","ウワミズザクラ",4,0,0,0,"","690","0","550"
"16","B2","オオカメノキ",6,18,12,13,"","691","5","551"
"16","B2","オオバクロモジ",4,5,5,4,"","692","4","552"
"16","B2","クサアジサイ",0.5,5,0,0,"","711","4","571"
"16","B2","コシアブラ",0.5,0,0.5,0.1,"","693","0","553"
"16","B2","コマユミ",1,0,0,0.2,"","694","0","554"
"16","B2","ツノハシバミ",0.5,0,0,2,"","695","0","555"
"16","B2","トチノキ",0,0,0.2,0.1,"","708","","568"
"16","B2","ナナカマド",0,0.5,0,0.1,"","696","0.5","556"
"16","B2","ノリウツギ",0,0.5,0.5,0.5,"","697","0.5","557"
"16","B2","ハイイヌガヤ",3,2,2,0.2,"","698","2","558"
"16","B2","ヒメアオキ",3,0,1,0.2,"","700","0","560"
"16","B2","ブナ",0,4,3,2,"","702","3","562"
"16","B2","マユミ",4,0,0,0,"","707","0","567"
"16","B2","ヤマアジサイ",0,0.5,0.5,0.2,"","704","0.5","564"
"16","B2","ヤマウルシ",0,3,1,1,"","705","3","565"
"16","B2","ヤマモミジ",0,5,4,2,"","706","4","566"
"16","C","オシダ",0,0.5,1,0.5,"","709","0.5","569"
"16","C","カメバヒキオコシ",0,1,1,0.2,"","710","1","570"
"16","C","コカンスゲ",5,0,0,0,"","724","0","584"
"16","C","シラネワラビ",6,20,8,10,"","712","6","572"
"16","C","タケシマラン",0,0,0.1,0,"","723","","583"
"16","C","ツルアリドオシ",0.5,3,0.2,0.1,"","713","3","573"
"16","C","テンニンソウ",0,0,7,7,"","722","","582"
"16","C","トチバニンジン",0,0.5,0,0,"","714","0.5","574"
"16","C","ナライシダ",0,0.5,2,0,"","715","0.5","575"
"16","C","ハイイヌツゲ",1,0.5,0.2,2,"","699","0.5","559"
"16","C","ヒメモチ",0,0.5,0.2,0.2,"","701","0.5","561"
"16","C","ミヤマイボタ",0,0.5,0.5,0.2,"","703","0.5","563"
"16","C","ミヤマウズラ",0,0.5,0,0,"","716","0.5","576"
"16","C","ミヤマカンスゲ",0,10,15,10,"","717","5","577"
"16","C","ヤマイヌワラビ",0,0.5,0.5,0.1,"","718","0.5","578"
"16","C","ヤマソテツ",3,3,3,3,"","719","3","579"
"16","C","ヤマドリゼンマイ",0,0.5,0,0.3,"","720","0.5","580"
"16","C","ユキザサ",0.5,0.5,0,0,"","721","0.5","581"
"16","S","チシマザサ",7,40,10,10,"","725","7","585"
"17","B2","アオダモ",0,4,4,5,"","729","3","586"
"17","B2","イタヤカエデ",0,0,0,0.5,"","","","615"
"17","B2","ウリハダカエデ",0,4,4,3.4,"","735","3","587"
"17","B2","ウワミズザクラ",3,2,2,1.5,"","736","2","588"
"17","B2","オオカメノキ",6,10,25,17,"","737","5","589"
"17","B2","オオバクロモジ",4,6,4,6,"","738","4","590"
"17","B2","コシアブラ",0,0.5,1,1,"","739","0.5","591"
"17","B2","コマユミ",2,0,0,0,"","740","0","592"
"17","B2","ツノハシバミ",0.5,0.5,1,0,"","741","0.5","593"
"17","B2","ツリバナ",0,0,0.2,0.5,"","751","","603"
"17","B2","トチノキ",0,0,0,0.5,"","","","616"
"17","B2","ノリウツギ",0.5,0.5,0.5,0.5,"","742","0.5","594"
"17","B2","ハイイヌガヤ",3,2,0.5,1,"","743","2","595"
"17","B2","ヒメアオキ",1,2,3,3,"","745","2","597"
"17","B2","ブナ",0,4,4,1.5,"","746","3","598"
"17","B2","マユミ",4,0,0,0,"","750","0","602"
"17","B2","ミズキ",1,0,0,0,"","747","0","599"
"17","B2","メイゲツカエデ",0,5,8,3,"","748","4","600"
"17","B2","ヤマウルシ",0,1,3,4,"","749","1","601"
"17","C","コカンスゲ",5,0,0,0,"","761","0","613"
"17","C","シラネワラビ",5,15,15,18,"","753","5","605"
"17","C","チゴユリ",0.5,0.5,0,0.5,"","754","0.5","606"
"17","C","ツルアリドオシ",1,1,0.1,0.5,"","755","1","607"
"17","C","ツルリンドウ",0,0.5,0,0,"","756","0.5","608"
"17","C","ハイイヌツゲ",0,2,0.5,1,"","744","2","596"
"17","C","ヒメモチ",0,0,0.1,0.5,"","752","","604"
"17","C","ミヤマカンスゲ",0,10,20,5,"","757","5","609"
"17","C","ヤマイヌワラビ",0,0.5,0,0,"","758","0.5","610"
"17","C","ヤマソテツ",3,3,5,7,"","759","3","611"
"17","C","ユキザサ",1,1,0.1,0.5,"","760","1","612"
"17","S","チシマザサ",8,40,20,15,"","762","7","614"
"18","B2","アオダモ",0,0,1,1,"","788","","632"
"18","B2","イタヤカエデ",0.5,0.5,0.2,0,"","766","0.5","617"
"18","B2","イタヤカエデ",0.5,0.5,0,0,"","774","0.5","618"
"18","B2","ウリハダカエデ",0,3,2,6,"","775","3","619"
"18","B2","ウワミズザクラ",4,4,2,3,"","776","3","620"
"18","B2","ウワミズザクラ",0,0,1,2,"","789","","633"
"18","B2","オオカメノキ",5,15,20,14,"","777","5","621"
"18","B2","オオバクロモジ",5,15,15,13,"","778","5","622"
"18","B2","コシアブラ",1,0,1,3,"","779","0","623"
"18","B2","ツノハシバミ",0,0,0.1,0,"","790","","634"
"18","B2","ナナカマド",0,1,0.2,0.5,"","780","1","624"
"18","B2","ノリウツギ",0,0.5,1,1,"","781","0.5","625"
"18","B2","ハウチワカエデ",0,0,0,0.1,"","","","650"
"18","B2","ヒメアオキ",4,4,4,5,"","783","3","627"
"18","B2","ブナ",4,5,2,1,"","785","4","629"
"18","B2","ミズキ",1,0,0,0,"","786","0","630"
"18","B2","ヤマウルシ",0,5,6,6,"","787","4","631"
"18","C","オシダ",0,0.5,0.5,0,"","792","0.5","636"
"18","C","コイワカガミ",0.5,0,0,0,"","803","0","647"
"18","C","コカンスゲ",5,0,0,0,"","804","0","648"
"18","C","シラネワラビ",6,18,25,25,"","793","5","637"
"18","C","タチシオデ",0.5,0.5,0.2,0.1,"","794","0.5","638"
"18","C","タニギキョウ",0,0.5,0.1,0.1,"","795","0.5","639"
"18","C","ツルアリドオシ",0,1,0.5,0.5,"","797","1","641"
"18","C","ツルリンドウ",0,0.5,0,0,"","798","0.5","642"
"18","C","ハイイヌツゲ",1,0,0,0,"","782","0","626"
"18","C","ヒメモチ",0.5,1,2,2,"","784","1","628"
"18","C","ミヤマウズラ",0,0.5,0.2,0.1,"","799","0.5","643"
"18","C","ミヤマカンスゲ",0,20,10,10,"","800","6","644"
"18","C","ヤマソテツ",2,1,5,5,"","801","1","645"
"18","C","ユキザサ",1,0.5,0.1,0.2,"","802","0.5","646"
"18","S","チシマザサ",9,0,0,5,"","805","0","649"
"19","B2","アオダモ",0,0.5,0,0,"","809","0.5","651"
"19","B2","ウリハダカエデ",0.5,5,2,4,"","815","4","652"
"19","B2","ウワミズザクラ",4,3,3,2,"","816","3","653"
"19","B2","オオカメノキ",5,10,10,11,"","817","5","654"
"19","B2","オオバクロモジ",3,5,5,12,"","818","4","655"
"19","B2","コシアブラ",0,0.5,1,4,"","819","0.5","656"
"19","B2","コマユミ",2,0,0,0,"","820","0","657"
"19","B2","サワフタギ",5,10,7,7,"","821","5","658"
"19","B2","タニウツギ",0,2,2,0.5,"","822","2","659"
"19","B2","ツノハシバミ",0.5,0.5,0,2,"","823","0.5","660"
"19","B2","ツリバナ",0,0,0.5,0.2,"","831","","668"
"19","B2","トチノキ",0,0.5,0,0,"","824","0.5","661"
"19","B2","ナナカマド",0,0.5,1,2,"","825","0.5","662"
"19","B2","ノリウツギ",0,0,0.5,0.5,"","833","","670"
"19","B2","ハイイヌガヤ",0,1,0,0,"","826","1","663"
"19","B2","ヒメアオキ",0,0,1,1,"","832","","669"
"19","B2","ブナ",5,10,20,4,"","828","5","665"
"19","B2","ミズキ",1,0,0,0,"","829","0","666"
"19","C","アカミノルイヨウショウマ",0.5,0,0,0,"","844","0","681"
"19","C","エンレイソウ",0,0.5,0,0,"","835","0.5","672"
"19","C","コカンスゲ",4,0,0,0,"","845","0","682"
"19","C","シラネワラビ",6,15,10,14,"","836","5","673"
"19","C","タニギキョウ",0.5,0.5,0,0,"","837","0.5","674"
"19","C","チゴユリ",0,0,0,0.1,"","","","684"
"19","C","ツルアリドオシ",1,0,0,0,"","838","0","675"
"19","C","ハイイヌツゲ",0.5,0,0,0,"","827","0","664"
"19","C","ヒメモチ",0,0,0.2,1,"","834","","671"
"19","C","マイヅルソウ",0,0.5,0,0,"","839","0.5","676"
"19","C","ミヤマカンスゲ",0,15,10,5,"","840","5","677"
"19","C","ミヤマシキミ",0,0.5,0,0,"","830","0.5","667"
"19","C","ヤマイヌワラビ",0,0.5,0,0,"","841","0.5","678"
"19","C","ヤマソテツ",0.5,1,2,2,"","842","1","679"
"19","C","ユキザサ",4,3,0.1,1,"","843","3","680"
"19","S","チシマザサ",9,60,12,10,"","846","8","683"
"20","B2","アオダモ",0,0,0.2,0.2,"","875","","699"
"20","B2","ウリハダカエデ",0,4,1,0.6,"","851","3","685"
"20","B2","ウワミズザクラ",4,1,1,1,"","862","1","686"
"20","B2","オオカメノキ",5,10,10,10,"","863","5","687"
"20","B2","オオバクロモジ",1,2,1,2,"","864","2","688"
"20","B2","コシアブラ",0.5,0,0.1,0.5,"","865","0","689"
"20","B2","コマユミ",0,0,0.1,0.1,"","880","","704"
"20","B2","サワフタギ",5,15,2,4,"","866","5","690"
"20","B2","タムシバ",0,0,0,0.2,"","","","724"
"20","B2","ツノハシバミ",0,0,0.2,0,"","879","","703"
"20","B2","トチノキ",0,0,0,0.2,"","","","722"
"20","B2","ナナカマド",0,1,2,2,"","867","1","691"
"20","B2","ハイイヌガヤ",0,0,0.5,2,"","874","","698"
"20","B2","ヒメアオキ",0,0,3,4,"","876","","700"
"20","B2","ブナ",0,4,8,11,"","870","3","694"
"20","B2","マユミ",1,0,0,0.1,"","873","0","697"
"20","B2","ミズキ",1,0,0.5,4,"","871","0","695"
"20","B2","メイゲツカエデ",0,0,2,2,"","878","","702"
"20","B2","ヤマモミジ",0,0.5,0,0.2,"","872","0.5","696"
"20","C","イボタノキ",0,0,0.2,0.3,"","877","","701"
"20","C","エンレイソウ",0,0.5,0,0.5,"","881","0.5","705"
"20","C","コカンスゲ",5,0,0,0,"","894","0","718"
"20","C","シラネワラビ",5,16,25,24,"","882","5","706"
"20","C","タケシマラン",0,0.5,0.1,0,"","883","0.5","707"
"20","C","タチシオデ",0,0.5,0,0,"","884","0.5","708"
"20","C","タチシオデ",0,0,0,0.1,"","","","725"
"20","C","タニギキョウ",0,0.5,0,0,"","885","0.5","709"
"20","C","チゴユリ",0.5,0.5,0,0.1,"","886","0.5","710"
"20","C","ツクバネソウ",0.5,0,0,0.2,"","887","0","711"
"20","C","ツルアリドオシ",0.5,0,0,0,"","888","0","712"
"20","C","ツルリンドウ",0,0,0,0.1,"","","","723"
"20","C","ハイイヌツゲ",3,0.5,0,0,"","868","0.5","692"
"20","C","ヒメモチ",0,2,0.5,0.5,"","869","2","693"
"20","C","ヒロバスゲ",0,0,0.1,0,"","896","","720"
"20","C","ホウチャクソウ",0.5,0,0,0,"","895","0","719"
"20","C","マイヅルソウ",0,0.5,0,0,"","889","0.5","713"
"20","C","ミヤマカンスゲ",0,8,3,2,"","890","4","714"
"20","C","ヤマイヌワラビ",0,0.5,0.5,0.2,"","891","0.5","715"
"20","C","ヤマソテツ",3,3,3,7,"","892","3","716"
"20","C","ユキザサ",4,6,0.5,2,"","893","4","717"
"20","S","チシマザサ",9,85,10,20,"","897","9","721"
"21","B2","アオダモ",0,0.5,0.2,0.2,"","902","0.5","726"
"21","B2","イタヤカエデ",0.5,0.5,0.2,0.2,"","908","0.5","727"
"21","B2","ウリハダカエデ",0.5,0.5,0,0.5,"","909","0.5","728"
"21","B2","ウワミズザクラ",0,4,0,6,"","910","3","729"
"21","B2","オオカメノキ",6,35,20,18,"","911","7","730"
"21","B2","オオバクロモジ",2,5,3,2,"","912","4","731"
"21","B2","クサアジサイ",0,8,0,0,"","928","4","747"
"21","B2","コシアブラ",0,0,0.1,0.2,"","926","","745"
"21","B2","コマユミ",3,0.5,0.5,0.5,"","913","0.5","732"
"21","B2","ツリバナ",0,0,1,0.2,"","923","","742"
"21","B2","トチノキ",0,0.5,0.2,0.1,"","914","0.5","733"
"21","B2","ナナカマド",0,0.5,0.1,0,"","915","0.5","734"
"21","B2","ハイイヌガヤ",0,5,1,1,"","916","4","735"
"21","B2","ヒメアオキ",0,0,4,3,"","924","","743"
"21","B2","ブナ",4,5,2,3,"","918","4","737"
"21","B2","マユミ",4,0,0,0,"","922","0","741"
"21","B2","ミズキ",4,0,0.2,0.58,"","919","0","738"
"21","B2","メイゲツカエデ",0,5,0,0,"","921","4","740"
"21","B2","ヤマモミジ",0,0,0.1,5,"","927","","746"
"21","C","エンレイソウ",0,0,0,0.1,"","","","763"
"21","C","カメバヒキオコシ",0,0,1,0.5,"","941","","760"
"21","C","コカンスゲ",4,0,0,0,"","938","0","757"
"21","C","サカゲイノデ",0,0.5,0,0,"","929","0.5","748"
"21","C","シラネワラビ",6,20,15,13,"","930","6","749"
"21","C","スミレサイシン",0,0,0.1,0.1,"","940","","759"
"21","C","タケシマラン",0,0.5,0,0,"","931","0.5","750"
"21","C","タチシオデ",0.5,0,0,0,"","932","0","751"
"21","C","チゴユリ",0.5,0.5,0,0,"","933","0.5","752"
"21","C","テンニンソウ",0,0,4,3,"","939","","758"
"21","C","ハイイヌツゲ",0.5,0.5,0.2,0.1,"","917","0.5","736"
"21","C","ヒメモチ",0,0,0.2,0.1,"","925","","744"
"21","C","ミヤマカンスゲ",0,10,15,10,"","934","5","753"
"21","C","ミヤマシキミ",0,1,0,0,"","920","1","739"
"21","C","ヤマイヌワラビ",0,0.5,1,0.2,"","935","0.5","754"
"21","C","ヤマソテツ",4,5,10,12,"","936","4","755"
"21","C","ヤマドリゼンマイ",0,0,0.5,1,"","942","","761"
"21","C","ユキザサ",0.5,0.5,0,0.1,"","937","0.5","756"
"21","S","チシマザサ",8,60,15,10,"","943","8","762"
"22","B2","アオダモ",0,5,0.1,0.1,"","947","4","764"
"22","B2","イタヤカエデ",0,0.5,0.2,0.1,"","953","0.5","765"
"22","B2","ウリハダカエデ",0,3,2,5,"","954","3","766"
"22","B2","ウワミズザクラ",0,0,0,0.1,"","","","795"
"22","B2","オオカメノキ",6,25,8,15,"","955","6","767"
"22","B2","オオバクロモジ",4,6,4,6,"","956","4","768"
"22","B2","コシアブラ",0,0.5,1,0.1,"","957","0.5","769"
"22","B2","コマユミ",4,0,0,0,"","958","0","770"
"22","B2","ツノハシバミ",0.5,0.5,0.5,2,"","959","0.5","771"
"22","B2","トチノキ",0,0,0,0.1,"","","","794"
"22","B2","ナナカマド",0,1,0,1,"","960","1","772"
"22","B2","ノリウツギ",0,3,2,2,"","961","3","773"
"22","B2","ハイイヌガヤ",3,4,1,0.5,"","962","3","774"
"22","B2","ヒメアオキ",0,5,5,4,"","964","4","776"
"22","B2","ブナ",0,0,0,2,"","","","793"
"22","B2","ホオノキ",0.5,0,0,0,"","966","0","778"
"22","B2","マユミ",4,0,0,0,"","970","0","782"
"22","B2","ミズキ",4,0,0,0,"","967","0","779"
"22","B2","メイゲツカエデ",0,5,4,3,"","969","4","781"
"22","B2","ヤマモミジ",0,0,0.1,0,"","971","","783"
"22","C","コカンスゲ",5,0,0,0,"","979","0","791"
"22","C","シラネワラビ",6,28,50,45,"","972","6","784"
"22","C","タチシオデ",0.5,0,0,0,"","973","0","785"
"22","C","ツルアリドオシ",0.5,0,0,0,"","974","0","786"
"22","C","ハイイヌツゲ",1,0,0,0,"","963","0","775"
"22","C","ヒメモチ",3,0,0.5,0.5,"","965","0","777"
"22","C","ミヤマウズラ",0,0.5,0,0,"","975","0.5","787"
"22","C","ミヤマカンスゲ",0,12,4,5,"","976","5","788"
"22","C","ミヤマシキミ",0,2,0,0,"","968","2","780"
"22","C","ヤマソテツ",1,3,3,2,"","977","3","789"
"22","C","ユキザサ",0.5,0.5,0,0,"","978","0.5","790"
"22","S","チシマザサ",9,60,25,15,"","980","8","792"
"23","B2","アオダモ",0,0.5,0.5,0.2,"","984","0.5","796"
"23","B2","イタヤカエデ",0,0.5,0,0.1,"","996","0.5","797"
"23","B2","ウリハダカエデ",0.5,0.5,2,1,"","997","0.5","798"
"23","B2","ウワミズザクラ",0,2,4,4,"","998","2","799"
"23","B2","オオカメノキ",5,10,5,5,"","999","5","800"
"23","B2","オオバクロモジ",3,3,1,6,"","1000","3","801"
"23","B2","コシアブラ",0,0.5,1,5,"","1001","0.5","802"
"23","B2","コマユミ",2,0,0,0,"","1002","0","803"
"23","B2","サワフタギ",4,6,0,5,"","1003","4","804"
"23","B2","タカノツメ",0,0,0.1,0,"","1012","","813"
"23","B2","トチノキ",0,1,0.5,0.1,"","1004","1","805"
"23","B2","ナナカマド",0,0,0,0.3,"","","","831"
"23","B2","ノリウツギ",0,0.5,1,2,"","1005","0.5","806"
"23","B2","ハイイヌガヤ",1,2,0.2,1,"","1006","2","807"
"23","B2","ヒメアオキ",4,4,4,4,"","1007","3","808"
"23","B2","ブナ",0,0,0.5,1,"","1014","","815"
"23","B2","ミズキ",3,0,0,0,"","1008","0","809"
"23","B2","メイゲツカエデ",0,0.5,0.1,0.1,"","1009","0.5","810"
"23","B2","ヤマウルシ",0,5,5,2,"","1010","4","811"
"23","B2","ヤマモミジ",0,0,3,0,"","1011","","812"
"23","C","アカミノルイヨウショウマ",0.5,0,0,0,"","1024","0","825"
"23","C","オシダ",0,0,1,0,"","1027","","828"
"23","C","カメバヒキオコシ",2,0.5,0.2,1,"","1015","0.5","816"
"23","C","クルマバソウ",0,0.5,0,0,"","1016","0.5","817"
"23","C","クルマバハグマ",0,0,0.5,0.5,"","1028","","829"
"23","C","コカンスゲ",5,0,0,0,"","1025","0","826"
"23","C","シラネワラビ",5,15,25,30,"","1017","5","818"
"23","C","タニギキョウ",2,0,0,0,"","1018","0","819"
"23","C","ツクバネソウ",0,0,0.1,0.1,"","1026","","827"
"23","C","ナライシダ",0,0.5,0,0,"","1019","0.5","820"
"23","C","ヒメモチ",0,0,0.1,0.1,"","1013","","814"
"23","C","ミヤマカンスゲ",0,10,2,2,"","1020","5","821"
"23","C","ヤマソテツ",2,2,2,2,"","1021","2","822"
"23","C","ヤマドリゼンマイ",0.5,0,0,0.5,"","1022","0","823"
"23","C","ユキザサ",1,2,0.2,0.5,"","1023","2","824"
"23","S","チシマザサ",9,80,20,10,"","1029","9","830"
"24","B2","アオダモ",0,0,0.2,0.1,"","1064","","851"
"24","B2","ウリハダカエデ",0.5,3,1,0.5,"","1035","3","832"
"24","B2","ウワミズザクラ",1,5,3,5,"","1046","4","833"
"24","B2","オオカメノキ",5,8,5,6,"","1047","4","834"
"24","B2","オオバクロモジ",4,5,1,3,"","1048","4","835"
"24","B2","コシアブラ",0,0,0.1,0.5,"","1065","","852"
"24","B2","コマユミ",2,0,0.1,0,"","1049","0","836"
"24","B2","サワフタギ",4,6,3,2,"","1050","4","837"
"24","B2","ツリバナ",0,0.5,0,0.5,"","1051","0.5","838"
"24","B2","トチノキ",0,0,0.1,0.1,"","1063","","850"
"24","B2","ナナカマド",0,0.5,0.2,0.5,"","1052","0.5","839"
"24","B2","ハイイヌガヤ",0,0.5,0.2,0.1,"","1053","0.5","840"
"24","B2","ハリギリ",0,6,0,0,"","1055","4","842"
"24","B2","ヒメアオキ",0,4,3,2,"","1056","3","843"
"24","B2","ブナ",5,15,0.5,1,"","1057","5","844"
"24","B2","マユミ",4,0,0,0,"","1061","0","848"
"24","B2","ミズキ",3,0,0,0,"","1058","0","845"
"24","B2","メイゲツカエデ",0,0,0,0.1,"","","","861"
"24","B2","ヤマウルシ",0,1,0.5,0.5,"","1059","1","846"
"24","B2","ヤマモミジ",0,4,1,0.1,"","1060","3","847"
"24","C","カメバヒキオコシ",0.5,0,0,0,"","1066","0","853"
"24","C","コカンスゲ",5,0,0,0,"","1072","0","859"
"24","C","シラネワラビ",7,25,25,30,"","1067","6","854"
"24","C","タチシオデ",0,0.5,0.1,0.1,"","1068","0.5","855"
"24","C","ハイイヌツゲ",2,0,0,0,"","1054","0","841"
"24","C","ヒメモチ",0,0,0.2,0.5,"","1062","","849"
"24","C","ミヤマカンスゲ",0,10,5,3,"","1069","5","856"
"24","C","ヤマソテツ",3,3,2,4,"","1070","3","857"
"24","C","ユキザサ",4,6,0.2,0.1,"","1071","4","858"
"24","S","チシマザサ",9,60,40,10,"","1073","8","860"
"25","B2","アオダモ",0.5,0.5,0.5,0.1,"","1077","0.5","862"
"25","B2","イタヤカエデ",0,0,0.1,0.3,"","1111","","883"
"25","B2","ウリハダカエデ",0,0,0.2,0.2,"","1110","","882"
"25","B2","ウワミズザクラ",3,3,1,1,"","1091","3","863"
"25","B2","オオカメノキ",4,5,2,7,"","1092","4","864"
"25","B2","オオバクロモジ",4,5,2,1,"","1093","4","865"
"25","B2","クサアジサイ",1,0,0,0,"","1112","0","884"
"25","B2","コシアブラ",0,2,0,0.3,"","1094","2","866"
"25","B2","コマユミ",2,0.5,0,0,"","1095","0.5","867"
"25","B2","サワフタギ",3,5,10,10,"","1096","4","868"
"25","B2","ツノハシバミ",0,0.5,0.2,0,"","1097","0.5","869"
"25","B2","ツリバナ",0,1,0.2,0,"","1098","1","870"
"25","B2","ナナカマド",0.5,0,0,0,"","1099","0","871"
"25","B2","ノリウツギ",1,0,0,0,"","1100","0","872"
"25","B2","ハイイヌガヤ",0,2,1,0.5,"","1101","2","873"
"25","B2","ヒメアオキ",0,2,0.5,0.2,"","1103","2","875"
"25","B2","ブナ",5,15,2,3,"","1105","5","877"
"25","B2","ホオノキ",1,0,0,0,"","1106","0","878"
"25","B2","ミズキ",4,1,0.5,2,"","1107","1","879"
"25","B2","メイゲツカエデ",0.5,0,0,1,"","1108","0","880"
"25","B2","ヤマモミジ",0,0,0.1,0.1,"","1109","","881"
"25","C","エンレイソウ",0,0,0,0.1,"","","","897"
"25","C","コカンスゲ",5,0,0,0,"","1121","0","893"
"25","C","シラネワラビ",5,15,15,25,"","1113","5","885"
"25","C","タケシマラン",0,0.5,0.1,0.1,"","1114","0.5","886"
"25","C","タニギキョウ",1,1,0,0,"","1115","1","887"
"25","C","ツクバネソウ",0.5,0.5,0,0,"","1116","0.5","888"
"25","C","テンニンソウ",0,0,0.5,0.3,"","1123","","895"
"25","C","ハイイヌツゲ",0.5,1,0.5,0.2,"","1102","1","874"
"25","C","ヒメモチ",0,1,1,0.5,"","1104","1","876"
"25","C","ホウチャクソウ",0.5,0,0,0,"","1122","0","894"
"25","C","ミヤマカンスゲ",0,12,20,10,"","1117","5","889"
"25","C","ヤマイヌワラビ",0,0.5,0.2,0.1,"","1118","0.5","890"
"25","C","ヤマソテツ",1,1,4,2,"","1119","1","891"
"25","C","ユキザサ",4,4,2,0.5,"","1120","3","892"
"25","S","チシマザサ",9,40,20,20,"","1124","7","896"
