"","X.2","サブプロット","階層","種名","DK1999","被度2006","被度2012","被度2018","X","memo","X.1","DK2006"
"1",1,1,"B2","オオカメノキ",0,1,0.5,"0.5","","",NA,1
"2",2,1,"B2","オオシラビソ",4,5,0.5,"1","","",NA,4
"3",3,1,"B2","オオバスノキ",4,6,4,"4","","",NA,4
"4",4,1,"B2","オガラバナ",0,0.5,0.5,"0.5","","",NA,0.5
"5",5,1,"B2","ヒメウスノキ",0,0.5,0.5,"0.2","","",NA,0.5
"6",6,1,"B2","ミネカエデ",5,10,20,"10","","",NA,5
"7",7,1,"B2","ムラサキヤシオツツジ",0,0.5,0.5,"0.5","","",NA,0.5
"8",8,1,"C","イワナシ",0.5,0.5,0.5,"0.1","","",NA,0.5
"9",9,1,"C","コイワカガミ",0.5,0.5,0.5,"0.1","","",NA,0.5
"10",10,1,"C","ゴゼンタチバナ",0,1,1,"1.5","","",NA,1
"11",11,1,"C","シノブカグマ",0.5,0.5,0.5,"0.5","","",NA,0.5
"12",12,1,"C","ショウジョウバカマ",2,2,0.5,"0.5","","",NA,2
"13",13,1,"C","ツマトリソウ",0.5,0,0.5,"0.1","","",NA,0
"14",14,1,"C","ツルリンドウ",0.5,1,0.5,"0.1","","",NA,1
"15",15,1,"C","ヒメタケシマラン",0,0.5,0.5,"0.2","","10:50",NA,0.5
"16",16,1,"C","マイヅルソウ",1,0,0.5,"0.2","","",NA,0
"17",17,1,"C","ミズバショウ",5,10,10,"15","","",NA,5
"18",18,1,"C","ミツバオウレン",0.5,0.5,0.5,"0.1","","",NA,0.5
"19",19,1,"C","ミヤマカンスゲ",5,8,3,"7","","",NA,4
"20",20,1,"C","ヤマソテツ",0,2,3,"3","","",NA,2
"21",21,1,"C","キソチドリ",0.5,0,NA,"","","",NA,0
"22",22,1,"C","ゴゼンタチバナ",2,0,1,"","","",NA,0
"23",23,1,"C","チゴユリ",1,0,0.5,"0.1","","",NA,0
"24",24,1,"C","ヤマソテツ",3,0,NA,"","","",NA,0
"25",25,1,"S","チシマザサ",9,100,70,"80","","",NA,10
"26",26,2,"B2","オオカメノキ",2,0,0.5,"1","","",NA,0
"27",27,2,"B2","オオシラビソ",4,8,35,"5","","",NA,4
"28",28,2,"B2","オオバスノキ",3,2,0.5,"4","","",NA,2
"29",29,2,"B2","オガラバナ",2,2,0.5,"","","",NA,2
"30",30,2,"B2","クロウスゴ",0.5,0,0.5,"0.5","","",NA,0
"31",31,2,"C","イワナシ",0,0.5,0.5,"0.1","","",NA,0.5
"32",32,2,"C","コイワカガミ",0.5,0,0.5,"0.1","","",NA,0
"33",33,2,"C","ショウジョウバカマ",1,1,0.5,"0.1","","",NA,1
"34",34,2,"C","ツルリンドウ",0.5,1,0.5,"0.1","","",NA,1
"35",35,2,"C","マイヅルソウ",0.5,0,0.5,"0.1","","",NA,0
"36",36,2,"C","ミヤマカンスゲ",4,8,5,"3","","",NA,4
"37",37,2,"C","ミヤマワラビ",0.5,0,1,"","","",NA,0
"38",38,2,"C","ヤマソテツ",0,0.5,0.5,"0.5","","",NA,0.5
"39",39,2,"C","ゴゼンタチバナ",1,0,0.5,"0.2","","",NA,0
"40",40,2,"C","チゴユリ",0.5,0,0.5,"0.1","","",NA,0
"41",41,2,"C","サンカヨウ",NA,NA,0.5,"","","",NA,NA
"42",42,2,"C","ツマトリソウ",NA,NA,0.5,"0.1","","",NA,NA
"43",43,2,"C","ヒメタケシマラン",NA,NA,0.5,"0.1","","",NA,NA
"44",44,2,"C","ヒメノガリヤス",NA,NA,0.5,"0.1","","10:24",NA,NA
"45",45,2,"C","シノブカグマ",NA,NA,0.5,"0.1","","",NA,NA
"46",46,2,"","ミツバオウレン",NA,NA,NA,"0.1","","",NA,NA
"47",47,2,"","ミネカエデ",NA,NA,NA,"1","","",NA,NA
"48",48,2,"","ナナカマド",NA,NA,NA,"0.5","","",NA,NA
"49",49,2,"","ヤマドリゼンマイ",NA,NA,NA,"1","","",NA,NA
"50",50,2,"S","チシマザサ",10,100,90,"90","","",NA,10
"51",51,3,"B2","オオカメノキ",0.5,0,NA,"","","",NA,0
"52",52,3,"B2","オオシラビソ",2,0.5,0.5,"3","","",NA,0.5
"53",53,3,"B2","オオバスノキ",3,3,4,"2","","",NA,3
"54",54,3,"B2","クロウスゴ",0.5,0,0.5,"0.5","","B1かどうかわかりにくい",NA,0
"55",55,3,"B2","ナナカマド",3,10,NA,"1.5","","",NA,5
"56",56,3,"B2","ミネカエデ",3,3,4,"3","","",NA,3
"57",57,3,"C","イワナシ",0.5,0.5,0.5,"0.1","","",NA,0.5
"58",58,3,"C","コイワカガミ",0.5,0,0.5,"0.3","","",NA,0
"59",59,3,"C","ゴゼンタチバナ",0,4,1,"0.5","","",NA,3
"60",60,3,"C","ショウジョウバカマ",1,2,0.5,"0.2","","",NA,2
"61",61,3,"C","シラネワラビ",0,0.5,NA,"","","",NA,0.5
"62",62,3,"C","ツマトリソウ",0.5,0,0.5,"0.1","","",NA,0
"63",63,3,"C","ツルリンドウ",0.5,2,0.5,"0.1","","",NA,2
"64",64,3,"C","ヒメゴヨウイチゴ",0.5,0,NA,"","","",NA,0
"65",65,3,"C","ヒメタケシマラン",0,1,0.5,"0.1","","",NA,1
"66",66,3,"C","ヒロハユキザサ",0,0.5,1,"0.5","","",NA,0.5
"67",67,3,"C","マイヅルソウ",0.5,0,NA,"","","",NA,0
"68",68,3,"C","ミズバショウ",1,2,9,"9","","",NA,2
"69",69,3,"C","ミツバオウレン",0.5,0,0.5,"0.1","","",NA,0
"70",70,3,"C","ミヤマカンスゲ",6,25,7,"9","","",NA,6
"71",71,3,"C","ヤマソテツ",0,5,1,"2","","",NA,4
"72",72,3,"C","ゴゼンタチバナ",4,0,0.5,"","","",NA,0
"73",73,3,"C","チゴユリ",1,0,0.5,"0.1","","",NA,0
"74",74,3,"C","ヤマソテツ",4,0,1,"","","",NA,0
"75",75,3,"C","ユキザサ",0.5,0,NA,"","","",NA,0
"76",76,3,"S","チシマザサ",9,95,95,"95","","",NA,9
"77",77,3,"","ヤマドリゼンマイ",NA,NA,NA,"0.2","11:48","",NA,NA
"78",78,4,"B2","オオシラビソ",4,8,0.5,"1","","",NA,4
"79",79,4,"B2","オオバスノキ",3,3,1,"4","","",NA,3
"80",80,4,"B2","オガラバナ",2,2,NA,"","","",NA,2
"81",81,4,"B2","クロウスゴ",1,1,NA,"0.2","","",NA,1
"82",82,4,"B2","ダケカンバ",2,0,NA,"","","",NA,0
"83",83,4,"B2","ナナカマド",0,2,NA,"1","","",NA,2
"84",84,4,"B2","ミネカエデ",4,6,0.5,"0.5","","",NA,4
"85",85,4,"B2","オオカメノキ",NA,NA,0.5,"0.2","","",NA,NA
"86",86,4,"B2","ミヤマホツツジ",NA,NA,0.5,"","","",NA,NA
"87",87,4,"C","コイワカガミ",0.5,0,0.5,"0.2","","",NA,0
"88",88,4,"C","ゴゼンタチバナ",0,2,0.5,"0.5","","",NA,2
"89",89,4,"C","シノブカグマ",0.5,0,NA,"","","",NA,0
"90",90,4,"C","ショウジョウバカマ",0.5,1,0.5,"0.5","","",NA,1
"91",91,4,"C","ツクバネソウ",0,0.5,0.5,"0.1","","",NA,0.5
"92",92,4,"C","ツルリンドウ",0.5,0,NA,"","","",NA,0
"93",93,4,"C","ヒメタケシマラン",0,2,0.5,"0.2","","",NA,2
"94",94,4,"C","ミズバショウ",4,5,3,"3","","",NA,4
"95",95,4,"C","ミツバオウレン",0,0.5,0.5,"0.1","","",NA,0.5
"96",96,4,"C","ミヤマカンスゲ",5,18,13,"14","","",NA,5
"97",97,4,"C","ヤマソテツ",0,5,1,"","","",NA,4
"98",98,4,"C","ゴゼンタチバナ",2,0,0.5,"","","",NA,0
"99",99,4,"C","チゴユリ",1,0,0.5,"","","",NA,0
"100",100,4,"C","ヤマソテツ",3,0,1,"3","","",NA,0
"101",101,4,"C","サンカヨウ",NA,NA,0.5,"","","",NA,NA
"102",102,4,"C","イワナシ",NA,NA,0.5,"0.1","","",NA,NA
"103",103,4,"C","マイヅルソウ",NA,NA,0.5,"0.1","","",NA,NA
"104",104,4,"C","オオバショリマ",NA,NA,0.5,"0.3","","",NA,NA
"105",105,4,"S","チシマザサ",9,100,95,"95","","",NA,10
"106",106,NA,"","ヒメウスノキ",NA,NA,NA,"0.2","","",NA,NA
"107",107,5,"B2","オオカメノキ",2,2,0.5,"0.5","","",NA,2
"108",108,5,"B2","オオシラビソ",3,0,0.5,"2","","",NA,0
"109",109,5,"B2","オオバスノキ",3,3,0.5,"4","","",NA,3
"110",110,5,"B2","ナナカマド",0.5,0.5,0.5,"0.5","","",NA,0.5
"111",111,5,"B2","ミネカエデ",5,20,2,"5","","",NA,6
"112",112,5,"C","イワナシ",0,0.5,NA,"0.1","","",NA,0.5
"113",113,5,"C","エンレイソウ",0,0.5,NA,"","","",NA,0.5
"114",114,5,"C","コイワカガミ",0,0.5,0.5,"0.3","","",NA,0.5
"115",115,5,"C","ゴゼンタチバナ",0,3,0.5,"0.2","","",NA,3
"116",116,5,"C","シノブカグマ",0,0.5,NA,"0.1","","",NA,0.5
"117",117,5,"C","ショウジョウバカマ",2,2,0.5,"0.2","","",NA,2
"118",118,5,"C","シラネワラビ",1,1,0.5,"","","photo",NA,1
"119",119,5,"C","ツルリンドウ",2,2,0.5,"0.1","","",NA,2
"120",120,5,"C","ヒメタケシマラン",0,0.5,0.5,"0.1","","12:46",NA,0.5
"121",121,5,"C","ヒロハユキザサ",0,0.5,0.5,"0.2","","",NA,0.5
"122",122,5,"C","マイヅルソウ",3,3,0.5,"0.1","","",NA,3
"123",123,5,"C","ミズバショウ",1,5,10,"5","","",NA,4
"124",124,5,"C","ミヤマカンスゲ",6,18,30,"30","","",NA,5
"125",125,5,"C","ヤマソテツ",0,5,1,"4","","",NA,4
"126",126,5,"C","ヤマドリゼンマイ",3,0.5,0.5,"0.3","","",NA,0.5
"127",127,5,"C","キソチドリ",0.5,0,NA,"","","",NA,0
"128",128,5,"C","ゴゼンタチバナ",2,0,0.5,"","","",NA,0
"129",129,5,"C","チゴユリ",2,0,0.5,"","","",NA,0
"130",130,5,"C","ヤマソテツ",4,0,0.5,"","","",NA,0
"131",131,5,"C","ツクバネソウ",NA,NA,0.5,"","","",NA,NA
"132",132,5,"C","ミツバオウレン",NA,NA,0.5,"0.1","","",NA,NA
"133",133,5,"C","ヒメウスノキ",NA,NA,0.5,"0.2","","",NA,NA
"134",134,5,"S","チシマザサ",9,100,80,"85","","",NA,10
"135",135,NA,"","オガラバナ",NA,NA,NA,"0.2","","",NA,NA
"136",136,NA,"","ミヤマワラビ",NA,NA,NA,"0.1","","",NA,NA
"137",137,6,"B2","オオシラビソ",4,5,3,"5","","",NA,4
"138",138,6,"B2","オオバスノキ",3,6,12,"9","","",NA,4
"139",139,6,"B2","クロウスゴ",2,2,2,"1","","",NA,2
"140",140,6,"B2","ナナカマド",0,5,4,"4","","",NA,4
"141",141,6,"B2","ヒメウスノキ",0,0.5,5,"0.5","","",NA,0.5
"142",142,6,"B2","ミネカエデ",5,5,6,"4","","",NA,4
"143",143,6,"B2","ミヤマハンノキ",0,0.5,1,"1","","",NA,0.5
"144",144,6,"C","イワナシ",0.5,0.5,0.1,"0.1","","",NA,0.5
"145",145,6,"C","エンレイソウ",0,0.5,NA,"","","",NA,0.5
"146",146,6,"C","コイワカガミ",2,1,0.5,"0.2","","",NA,1
"147",147,6,"C","ゴゼンタチバナ",0,2,0.5,"0.5","","",NA,2
"148",148,6,"C","サンカヨウ",0,0.5,NA,"","","",NA,0.5
"149",149,6,"C","シノブカグマ",0,0.5,0.5,"0.2","","",NA,0.5
"150",150,6,"C","ショウジョウバカマ",4,2,0.5,"0.2","","",NA,2
"151",151,6,"C","シラネワラビ",0,0.5,0.5,"0.1","","",NA,0.5
"152",152,6,"C","ツルリンドウ",0,0.5,NA,"0.1","","",NA,0.5
"153",153,6,"C","ヒメタケシマラン",0,1,0.5,"0.1","","",NA,1
"154",154,6,"C","マイヅルソウ",1,0,0.1,"","","",NA,0
"155",155,6,"C","ミズバショウ",6,30,18,"15","","",NA,6
"156",156,6,"C","ミツバオウレン",1,0.5,0.1,"0.1","","",NA,0.5
"157",157,6,"C","ミヤマカンスゲ",6,20,15,"10","","",NA,6
"158",158,6,"C","ヤマソテツ",0,5,2,"2","","",NA,4
"159",159,6,"C","ゴゼンタチバナ",2,0,NA,"","","",NA,0
"160",160,6,"C","チゴユリ",1,0,NA,"0.1","","",NA,0
"161",161,6,"C","ヤマソテツ",4,0,NA,"","","",NA,0
"162",162,6,"C","ヒロハユキザサ",NA,NA,0.1,"","","",NA,NA
"163",163,6,"S","チシマザサ",9,100,95,"95","","",NA,10
"164",164,NA,"B2","コメツガ",NA,NA,NA,"1","","",NA,NA
"165",165,NA,"","ツマトリソウ",NA,NA,NA,"0.1","","",NA,NA
"166",166,7,"B2","オオシラビソ",6,20,2,"3","","",NA,6
"167",167,7,"B2","オオバスノキ",0.5,1,0.6,"1.5","","",NA,1
"168",168,7,"B2","オガラバナ",4,4,5,"","","",NA,3
"169",169,7,"B2","クロウスゴ",0.5,1,1,"1","","",NA,1
"170",170,7,"B2","ナナカマド",2,5,1,"3","","",NA,4
"171",171,7,"B2","ミネカエデ",0,4,3,"2","","",NA,3
"172",172,7,"B2","ミヤマハンノキ",4,5,NA,"","","",NA,4
"173",173,7,"C","エンレイソウ",0.5,0.5,0.5,"","","",NA,0.5
"174",174,7,"C","オオバタケシマラン",0.5,0.5,0.5,"0.1","","",NA,0.5
"175",175,7,"C","コイワカガミ",1,2,0.2,"0.3","","",NA,2
"176",176,7,"C","ゴゼンタチバナ",0,1,1,"0.5","","",NA,1
"177",177,7,"C","ショウジョウバカマ",2,2,0.1,"0.5","","",NA,2
"178",178,7,"C","ヒメタケシマラン",0,1,0.5,"0.1","","",NA,1
"179",179,7,"C","マイヅルソウ",0.5,0.5,1,"0.1","","",NA,0.5
"180",180,7,"C","ミズバショウ",0,0.5,0.5,"0.5","","",NA,0.5
"181",181,7,"C","ミヤマカンスゲ",5,0,5,"4","","",NA,0
"182",182,7,"C","ヤマソテツ",0,4,2,"2","","",NA,3
"183",183,7,"C","ゴゼンタチバナ",1,0,0.5,"","","",NA,0
"184",184,7,"C","チゴユリ",1,0,NA,"","","",NA,0
"185",185,7,"C","ヤマソテツ",3,0,2,"","","",NA,0
"186",186,7,"C","ミヤマカタバミ",NA,NA,0.5,"","","15:19",NA,NA
"187",187,7,"C","オオバショリマ",NA,NA,0.5,"1","","15:20",NA,NA
"188",188,7,"C","ミヤマアキノキリンソウ",NA,NA,0.5,"","","",NA,NA
"189",189,7,"C","ミツバオウレン",NA,NA,0.5,"0.1","","",NA,NA
"190",190,7,"C","ヒメゴヨウイチゴ",NA,NA,0.5,"","","14:41",NA,NA
"191",191,7,"C","ツルリンドウ",NA,NA,0.5,"0.1","","",NA,NA
"192",192,7,"C","オオバショリマ",NA,NA,0.1,"","","",NA,NA
"193",193,7,"C","クロツリバナ",NA,NA,0.1,"","","15:07",NA,NA
"194",194,7,"S","チシマザサ",10,100,95,"95","","",NA,10
"195",195,NA,"","ミヤマシシガシラ",NA,NA,NA,"0.1","","",NA,NA
"196",196,NA,"","オオカメノキ",NA,NA,NA,"1","","",NA,NA
"197",197,NA,"","シノブカグマ",NA,NA,NA,"0.1","","",NA,NA
"198",198,NA,"","ハリブキ",NA,NA,NA,"0.1","","",NA,NA
"199",199,8,"B2","オオカメノキ",3,4,2,"2","","",NA,3
"200",200,8,"B2","オオシラビソ",3,2,0.5,"0.5","","",NA,2
"201",201,8,"B2","オオバスノキ",3,6,1,"5","","",NA,4
"202",202,8,"B2","クロウスゴ",1,0,0.5,"0.5","","",NA,0
"203",203,8,"B2","クロツリバナ",2,1,NA,"","","",NA,1
"204",204,8,"B2","ダケカンバ",0,1,NA,"","","",NA,1
"205",205,8,"B2","ナナカマド",0,0.5,0.5,"1","","",NA,0.5
"206",206,8,"B2","ハリブキ",0.5,0.5,NA,"0.1","","",NA,0.5
"207",207,8,"B2","ヒメウスノキ",0,0.5,0.5,"0.2","","",NA,0.5
"208",208,8,"B2","ミネカエデ",5,20,NA,"1","","",NA,6
"209",209,8,"C","イワナシ",0.5,0.5,0.5,"0.2","","",NA,0.5
"210",210,8,"C","エンレイソウ",0.5,0.5,0.5,"","","",NA,0.5
"211",211,8,"C","コイワカガミ",1,1,0.5,"0.3","","",NA,1
"212",212,8,"C","ゴゼンタチバナ",0,3,2,"1.5","","",NA,3
"213",213,8,"C","シノブカグマ",0,0.5,NA,"","","",NA,0.5
"214",214,8,"C","ショウジョウバカマ",0,1,0.5,"0.1","","",NA,1
"215",215,8,"C","タケシマラン",0,2,0.5,"0.1","","",NA,2
"216",216,8,"C","ツマトリソウ",0.5,0.5,0.5,"0.1","","",NA,0.5
"217",217,8,"C","ツルリンドウ",0.5,0.5,0.5,"0.2","","",NA,0.5
"218",218,8,"C","ヒロハユキザサ",0,0.5,0.5,"0.5","","",NA,0.5
"219",219,8,"C","マイヅルソウ",1,0.5,NA,"0.1","","",NA,0.5
"220",220,8,"C","ミズバショウ",4,4,6,"4","","",NA,3
"221",221,8,"C","ミヤマカンスゲ",5,18,18,"20","","",NA,5
"222",222,8,"C","ヤマソテツ",0,3,4,"5","","",NA,3
"223",223,8,"C","ゴゼンタチバナ",3,0,1,"","","",NA,0
"224",224,8,"C","チゴユリ",2,0,0.5,"0.1","","",NA,0
"225",225,8,"C","ヤマソテツ",3,0,1,"","","",NA,0
"226",226,8,"C","ユキザサ",0.5,0,0.1,"","","",NA,0
"227",227,8,"C","オオバショリマ",NA,NA,NA,"","","",NA,0.5
"228",228,8,"C","シラネワラビ",NA,NA,NA,"","","",NA,0.5
"229",229,8,"S","チシマザサ",9,95,95,"95","","",NA,9
"230",230,9,"B2","オオカメノキ",3,1,1,"1","","",NA,1
"231",231,9,"B2","オオシラビソ",3,3,1,"2","","",NA,3
"232",232,9,"B2","オオバスノキ",3,3,1,"2","","",NA,3
"233",233,9,"B2","クロウスゴ",1,0,NA,"0.1","","",NA,0
"234",234,9,"B2","ハリブキ",0.5,0,NA,"","","",NA,0
"235",235,9,"B2","ミネカエデ",4,5,1,"1","","",NA,4
"236",236,9,"B2","ヒメウスノキ",NA,NA,0.5,"","","",NA,0.5
"237",237,9,"C","エンレイソウ",0,0.5,0.5,"","","",NA,0.5
"238",238,9,"C","コイワカガミ",0.5,2,1,"0.3","","",NA,2
"239",239,9,"C","ゴゼンタチバナ",0,3,0.5,"0.5","","",NA,3
"240",240,9,"C","ショウジョウバカマ",0.5,1,0.5,"0.2","","",NA,1
"241",241,9,"C","ツルリンドウ",2,1,0.5,"0.1","","",NA,1
"242",242,9,"C","ヒメタケシマラン",0,0.5,0.5,"0.2","","",NA,0.5
"243",243,9,"C","ホソバトウゲシバ",0,0.5,NA,"","","",NA,0.5
"244",244,9,"C","マイヅルソウ",2,2,0.5,"0.1","","",NA,2
"245",245,9,"C","ミズバショウ",4,5,4,"3","","",NA,4
"246",246,9,"C","ミツバオウレン",0.5,0.5,0.5,"0.1","","",NA,0.5
"247",247,9,"C","ミヤマカンスゲ",6,15,18,"20","","",NA,5
"248",248,9,"C","ヤマソテツ",0,3,2,".","","",NA,3
"249",249,9,"C","ゴゼンタチバナ",4,0,0.5,"","","",NA,0
"250",250,9,"C","チゴユリ",1,0,0.5,"0.1","","",NA,0
"251",251,9,"C","ヤマソテツ",3,0,1,"","","",NA,0
"252",252,9,"C","ツクバネソウ",NA,NA,0.1,"0.1","","",NA,NA
"253",253,9,"C","オオバショリマ",NA,NA,0.1,"0.3","","",NA,NA
"254",254,9,"C","ツルリンドウ",NA,NA,0.1,"0.1","","",NA,NA
"255",255,9,"C","シラネワラビ",NA,NA,0.5,"0.3","","",NA,NA
"256",256,9,"C","イワナシ",NA,NA,0.5,"0.1","","",NA,NA
"257",257,9,"S","チシマザサ",9,95,90,"90","","",NA,9
"258",258,NA,"","ナナカマド",NA,NA,NA,"0.1","","",NA,NA
"259",259,10,"B2","オオカメノキ",0.5,0,1,"0.5","","",NA,0
"260",260,10,"B2","オオバスノキ",3,2,0.5,"1","","",NA,2
"261",261,10,"B2","ミネカエデ",5,18,0.5,"4","","",NA,5
"262",262,10,"C","イワナシ",1,0,NA,"","","",NA,0
"263",263,10,"C","エンレイソウ",0.5,0.5,0.5,"","","",NA,0.5
"264",264,10,"C","コイワカガミ",0.5,2,0.5,"0.1","","",NA,2
"265",265,10,"C","ゴゼンタチバナ",0,5,0.5,"0.5","","",NA,4
"266",266,10,"C","ショウジョウバカマ",1,1,0.5,"0.2","","",NA,1
"267",267,10,"C","シラネワラビ",2,0,0.5,"0.1","","13:11",NA,0
"268",268,10,"C","タケシマラン",0,1,0.5,"0.2","","",NA,1
"269",269,10,"C","ツクバネソウ",0.5,0,0.5,"0.1","","",NA,0
"270",270,10,"C","ツルリンドウ",2,2,0.5,"0.1","","",NA,2
"271",271,10,"C","ヒメゴヨウイチゴ",2,0,0.5,"0.1","","13:05",NA,0
"272",272,10,"C","ヒロハユキザサ",0,0.5,0.5,"0.3","","",NA,0.5
"273",273,10,"C","マイヅルソウ",3,3,0.5,"0.1","","",NA,3
"274",274,10,"C","ミズバショウ",0.5,2,1,"1","","",NA,2
"275",275,10,"C","ミヤマカンスゲ",6,25,30,"25","","",NA,6
"276",276,10,"C","ヤマソテツ",0,12,6,"5","","",NA,5
"277",277,10,"C","ゴゼンタチバナ",4,0,0.5,"","","",NA,0
"278",278,10,"C","チゴユリ",1,0,0.5,"0.1","","",NA,0
"279",279,10,"C","ヤマソテツ",5,0,1,"","","",NA,0
"280",280,10,"C","ユキザサ",0.5,0,NA,"","","",NA,0
"281",281,10,"S","チシマザサ",9,95,90,"85","","",NA,9
"282",282,NA,"","ダケカンバ",NA,NA,NA,"2","","",NA,NA
"283",283,NA,"","オオシラビソ",NA,NA,NA,"0.2","","",NA,NA
"284",284,NA,"","オオバショリマ",NA,NA,NA,"0.2","","",NA,NA
"285",285,11,"B2","オオシラビソ",5,0,4,"2.1","","",NA,0
"286",286,11,"B2","オオバスノキ",3,3,5,"2","","",NA,3
"287",287,11,"B2","クロウスゴ",1,1,2,"0.1","","",NA,1
"288",288,11,"B2","クロツリバナ",3,4,55,"2","","",NA,3
"289",289,11,"B2","ヒメウスノキ",0,0.5,2,"1.1","","",NA,0.5
"290",290,11,"B2","ミネカエデ",3,0,0.5,"0.5","","",NA,0
"291",291,11,"C","イワナシ",1,0.5,NA,"0.4","","",NA,0.5
"292",292,11,"C","エンレイソウ",0,0.5,NA,"","","",NA,0.5
"293",293,11,"C","オオバタケシマラン",0,0.5,NA,"0.3","","",NA,0.5
"294",294,11,"C","コイワカガミ",2,2,0.5,"0.5","","",NA,2
"295",295,11,"C","ゴゼンタチバナ",0,4,4,"1","","",NA,3
"296",296,11,"C","コバイケイソウ",0,1,NA,"","","",NA,1
"297",297,11,"C","シノブカグマ",0,0.5,0.5,"","","",NA,0.5
"298",298,11,"C","ショウジョウバカマ",2,2,0.5,"0.1","","",NA,2
"299",299,11,"C","シラネワラビ",1,0,1,"0.1","","",NA,0
"300",300,11,"C","タケシマラン",0,1,0.5,"0.1","","",NA,1
"301",301,11,"C","ツクバネソウ",0.5,0.5,NA,"","","",NA,0.5
"302",302,11,"C","ツマトリソウ",0,0.5,0.1,"","","",NA,0.5
"303",303,11,"C","ツルリンドウ",0.5,0.5,NA,"0.1","","",NA,0.5
"304",304,11,"C","マイヅルソウ",1,1,0.1,"0.1","","",NA,1
"305",305,11,"C","ミズバショウ",2,5,1,"3","","",NA,4
"306",306,11,"C","ミツバオウレン",2,1,0.1,"0.1","","",NA,1
"307",307,11,"C","ミヤマカンスゲ",5,10,10,"5","","",NA,5
"308",308,11,"C","モミジカラマツ",0,0.5,0.1,"0.1","","",NA,0.5
"309",309,11,"C","ヤマソテツ",0,3,4,"0.5","","",NA,3
"310",310,11,"C","ヤマドリゼンマイ",0,1,0.5,"0.2","","",NA,1
"311",311,11,"C","チゴユリ",1,0,NA,"0.2","","",NA,0
"312",312,11,"C","フキ",NA,NA,0.1,"","","",NA,NA
"313",313,11,"C","オオバショリマ",NA,NA,0.5,"0.3","","",NA,NA
"314",314,11,"C","ヒメゴヨウイチゴ",NA,NA,0.1,"0.1","","",NA,NA
"315",315,11,"S","チシマザサ",9,95,95,"60","","",NA,9
"316",316,NA,"","サンカヨウ",NA,NA,NA,"0.1","","",NA,NA
"317",317,NA,"","コミヤマカタバミ",NA,NA,NA,"0.3","","",NA,NA
"318",318,NA,"","ミヤマアキノキリンソウ",NA,NA,NA,"0.1","","",NA,NA
"319",319,NA,"","オオバショリマ",NA,NA,NA,"0.1","","",NA,NA
"320",320,NA,"","オオバノヨツバムグラ",NA,NA,NA,"0.1","","",NA,NA
"321",321,NA,"","オガラバナ",NA,NA,NA,"0.5","","",NA,NA
"322",322,NA,"","ナナカマド",NA,NA,NA,"0.1","","",NA,NA
"323",323,12,"B2","オオシラビソ",3,5,1,"1.5","","",NA,4
"324",324,12,"B2","オオバスノキ",0,3,2,"1","","",NA,3
"325",325,12,"B2","オガラバナ",5,20,10,"0.8","","",NA,6
"326",326,12,"B2","クロウスゴ",0,1,1,"0.5","","",NA,1
"327",327,12,"B2","クロツリバナ",0,3,0.5,"2","","",NA,3
"328",328,12,"B2","ダケカンバ",0,0.5,0.5,"0.5","","",NA,0.5
"329",329,12,"B2","ナナカマド",5,8,2,"1.8","","",NA,4
"330",330,12,"B2","ハリブキ",0.5,0.5,0.5,"0.1","","",NA,0.5
"331",331,12,"B2","ミネカエデ",4,5,1,"0.3","","",NA,4
"332",332,12,"C","エンレイソウ",0,0.5,0.1,"0.6","","",NA,0.5
"333",333,12,"C","オオバショリマ",0,0.5,1,"0.2","","",NA,0.5
"334",334,12,"C","コイワカガミ",0,0.5,0.1,"","","",NA,0.5
"335",335,12,"C","ゴゼンタチバナ",0,0.5,0.1,"0.1","","",NA,0.5
"336",336,12,"C","コミヤマカタバミ",3,0.5,1,"2","","",NA,0.5
"337",337,12,"C","シノブカグマ",0,0.5,0.5,"0.5","","",NA,0.5
"338",338,12,"C","ショウジョウバカマ",1,1,0.5,"1","","",NA,1
"339",339,12,"C","シラネワラビ",2,1,2,"3","","",NA,1
"340",340,12,"C","タケシマラン",0,2,1,"0.2","","",NA,2
"341",341,12,"C","ヒメゴヨウイチゴ",0,0.5,1,"0.2","","",NA,0.5
"342",342,12,"C","マイヅルソウ",0.5,0.5,0.5,"0.1","","",NA,0.5
"343",343,12,"C","ミヤマカンスゲ",5,8,10,"8","","",NA,4
"344",344,12,"C","ミヤマワラビ",0,0.5,NA,"","","",NA,0.5
"345",345,12,"C","ヤマソテツ",0,2,0,"","","",NA,2
"346",346,12,"C","チゴユリ",2,0,NA,"","","",NA,0
"347",347,12,"C","ヤマソテツ",3,0,0.5,"1","","",NA,0
"348",348,12,"C","ヒロハユキザサ",NA,NA,0.1,"","","",NA,NA
"349",349,12,"C","サンカヨウ",NA,NA,0.1,"","","",NA,NA
"350",350,12,"S","チシマザサ",9,95,90,"90","","",NA,9
"351",351,NA,"","ヤマドリゼンマイ",NA,NA,NA,"0.5","","",NA,NA
"352",352,NA,"","ダケカンバ",NA,NA,NA,"1.1","","",NA,NA
"353",353,NA,"","イワナシ",NA,NA,NA,"0.1","","",NA,NA
"354",354,NA,"","ムラサキヤシオツツジ",NA,NA,NA,"0.1","","",NA,NA
"355",355,NA,"","ツマトリソウ",NA,NA,NA,"0.2","","",NA,NA
"356",356,NA,"","ツクバネソウ",NA,NA,NA,"0.2","","",NA,NA
"357",357,NA,"","キヌガサソウ",NA,NA,NA,"0.1","","",NA,NA
"358",358,NA,"","オオカメノキ",NA,NA,NA,"1","","",NA,NA
"359",359,13,"B2","ウラジロナナカマド",0,2,2,"3","","",NA,2
"360",360,13,"B2","オオカメノキ",3,3,3,"","","",NA,3
"361",361,13,"B2","オオシラビソ",4,4,2,"0.7","","",NA,3
"362",362,13,"B2","オオバスノキ",1,2,4,"1.1","","",NA,2
"363",363,13,"B2","オガラバナ",4,8,5,"5","","",NA,4
"364",364,13,"B2","クロウスゴ",3,2,2,"3","","",NA,2
"365",365,13,"B2","クロツリバナ",3,5,3,"4","","",NA,4
"366",366,13,"B2","ダケカンバ",4,5,2,"3","","",NA,4
"367",367,13,"B2","ナナカマド",0,3,8,"","","",NA,3
"368",368,13,"B2","ハリブキ",0,0.5,NA,"0.5","","",NA,0.5
"369",369,13,"B2","ミヤマハンノキ",0,2,NA,"","","",NA,2
"370",370,13,"B2","ムラサキヤシオツツジ",0,0.5,NA,"","","",NA,0.5
"371",371,13,"B2","タカネナナカマド",2,0,NA,"","","",NA,0
"372",372,13,"B2","ミネカエデ",NA,NA,2,"","","",NA,NA
"373",373,13,"B2","ヒメウスノキ",NA,NA,0.1,"0.1","","",NA,NA
"374",374,13,"C","イヌワラビ",0,0.5,NA,"","","",NA,0.5
"375",375,13,"C","イワナシ",1,1,1,"","","",NA,1
"376",376,13,"C","オオバノヨツバムグラ",0,0.5,NA,"","","",NA,0.5
"377",377,13,"C","エンレイソウ",0,0.5,0.1,"","","",NA,0.5
"378",378,13,"C","オオバショリマ",0,1,0.5,"0.5","","",NA,1
"379",379,13,"C","キヌガサソウ",2,2,0.5,"1","","",NA,2
"380",380,13,"C","ゴゼンタチバナ",0,2,1,"0.7","","",NA,2
"381",381,13,"C","コミヤマカタバミ",3,3,3,"1.1","","",NA,3
"382",382,13,"C","シノブカグマ",2,1,0.5,"","","",NA,1
"383",383,13,"C","ショウジョウバカマ",2,2,0.5,"0.4","","",NA,2
"384",384,13,"C","シラネワラビ",4,6,5,"5","","",NA,4
"385",385,13,"C","ツクバネソウ",0.5,0.5,0.1,"","","",NA,0.5
"386",386,13,"C","ツマトリソウ",0.5,0.5,0.1,"0.2","","",NA,0.5
"387",387,13,"C","ツルリンドウ",0.5,0,NA,"","","",NA,0
"388",388,13,"C","ヒメゴヨウイチゴ",5,5,2,"2","","",NA,4
"389",389,13,"C","ヒメタケシマラン",0,0.5,0.1,"0.2","","",NA,0.5
"390",390,13,"C","ミズバショウ",4,4,5,"6","","",NA,3
"391",391,13,"C","ミツバオウレン",0,0.5,0.1,"","","",NA,0.5
"392",392,13,"C","ミヤマカンスゲ",6,15,15,"9","","",NA,5
"393",393,13,"C","チゴユリ",1,0,NA,"","","",NA,0
"394",394,13,"C","ミヤマアキノキリンソウ",0.5,0,0.1,"","","",NA,0
"395",395,13,"C","ヤマソテツ",NA,NA,1,"2.2","","",NA,NA
"396",396,13,"C","ヒメワラビ",NA,NA,1,"","","",NA,NA
"397",397,13,"S","チシマザサ",9,95,80,"85","","",NA,9
"398",398,NA,"","マイヅルソウ",NA,NA,NA,"0.1","","",NA,NA
"399",399,NA,"","オオバタケシマラン",NA,NA,NA,"1","","",NA,NA
"400",400,14,"B2","オオカメノキ",3,2,2,"2.1","","",NA,2
"401",401,14,"B2","オオシラビソ",4,5,3,"2","","",NA,4
"402",402,14,"B2","オオバスノキ",5,10,10,"3.3","","",NA,5
"403",403,14,"B2","クロウスゴ",1,0,0.5,"","","",NA,0
"404",404,14,"B2","ナナカマド",4,5,4,"5","","",NA,4
"405",405,14,"B2","ハリブキ",0,0.5,NA,"0.2","","",NA,0.5
"406",406,14,"B2","ヒメウスノキ",0,0.5,0.5,"","","",NA,0.5
"407",407,14,"B2","ベニバナイチゴ",0,0.5,NA,"","","",NA,0.5
"408",408,14,"B2","ミネカエデ",4,6,5,"1.1","","",NA,4
"409",409,14,"C","イヌワラビ",0,0.5,NA,"","","",NA,0.5
"410",410,14,"C","イワナシ",0,0.5,0.1,"","","",NA,0.5
"411",411,14,"C","オオバノヨツバムグラ",0,1,NA,"","","",NA,1
"412",412,14,"C","エンレイソウ",0,0.5,NA,"","","",NA,0.5
"413",413,14,"C","オオバショリマ",0,0.5,0.5,"0.5","","",NA,0.5
"414",414,14,"C","オオバユキザサ",0,0.5,0.1,"","","",NA,0.5
"415",415,14,"C","コイワカガミ",0,0.5,0.5,"","","",NA,0.5
"416",416,14,"C","コミヤマカタバミ",0,5,0.5,"0.2","","",NA,4
"417",417,14,"C","サンカヨウ",0,0.5,0.1,"","","",NA,0.5
"418",418,14,"C","シノブカグマ",2,0,1,"","","",NA,0
"419",419,14,"C","ショウジョウバカマ",1,1,0.5,"0.2","","",NA,1
"420",420,14,"C","シラネワラビ",0,0.5,0.5,"0.1","","",NA,0.5
"421",421,14,"C","タニギキョウ",0,1,NA,"","","",NA,1
"422",422,14,"C","ツクバネソウ",0,1,0.1,"","","",NA,1
"423",423,14,"C","ツマトリソウ",0,0.5,0.1,"","","",NA,0.5
"424",424,14,"C","ツルリンドウ",3,0,0.1,"","","",NA,0
"425",425,14,"C","ヒメゴヨウイチゴ",0,1,0.5,"0.1","","",NA,1
"426",426,14,"C","ヒメタケシマラン",0,1,0.1,"0.1","","",NA,1
"427",427,14,"C","ミズバショウ",2,2,3,"2","","",NA,2
"428",428,14,"C","ミツバオウレン",0.5,0.5,0.1,"0.2","","",NA,0.5
"429",429,14,"C","ミヤマカンスゲ",6,30,20,"7","","",NA,6
"430",430,14,"C","ミヤマメシダ",0,2,1,"","","",NA,2
"431",431,14,"C","ミヤマワラビ",0,0.5,NA,"","","",NA,0.5
"432",432,14,"C","モミジカラマツ",0,1,NA,"","","",NA,1
"433",433,14,"C","ヤマソテツ",0,4,3,"1.4","","",NA,3
"434",434,14,"C","ゴゼンタチバナ",4,0,0.5,"0.1","","",NA,0
"435",435,14,"C","チゴユリ",0.5,0,NA,"","","",NA,0
"436",436,14,"S","チシマザサ",9,95,95,"83","","",NA,9
"437",437,NA,"","ミヤマアキノキリンソウ",NA,NA,NA,"0.1","","",NA,NA
"438",438,15,"B2","オオカメノキ",0.5,0.5,0.1,"0.1","","",NA,0.5
"439",439,15,"B2","オオシラビソ",3,0,2,"1.1","","",NA,0
"440",440,15,"B2","オオバスノキ",0,6,3,"0.2","","",NA,4
"441",441,15,"B2","クロウスゴ",1,0.5,0.1,"0.3","","",NA,0.5
"442",442,15,"B2","クロツリバナ",0,1,NA,"","","",NA,1
"443",443,15,"B2","ナナカマド",0.5,0.5,0.5,"0.5","","",NA,0.5
"444",444,15,"B2","ヒメウスノキ",0,0.5,0.1,"0.4","","",NA,0.5
"445",445,15,"B2","ミネカエデ",5,10,8,"6","","",NA,5
"446",446,15,"B2","オガラバナ",NA,NA,0.5,"","","",NA,NA
"447",447,15,"B2","ムラサキヤシオツツジ",NA,NA,0.1,"","","",NA,NA
"448",448,15,"C","イワナシ",0.5,0,0.1,"","","",NA,0
"449",449,15,"C","エンレイソウ",0,0.5,0.1,"0.3","","",NA,0.5
"450",450,15,"C","オオバショリマ",0,0.5,0.5,"0.3","","",NA,0.5
"451",451,15,"C","コイワカガミ",0,1,0.1,"0.1","","",NA,1
"452",452,15,"C","ゴゼンタチバナ",0,2,0.1,"0.2","","",NA,2
"453",453,15,"C","シノブカグマ",3,1,2,"0.2","","",NA,1
"454",454,15,"C","ショウジョウバカマ",2,1,0.1,"0.3","","",NA,1
"455",455,15,"C","シラネワラビ",1,3,2,"6.3","","",NA,3
"456",456,15,"C","タニギキョウ",0.5,0,NA,"","","",NA,0
"457",457,15,"C","ツクバネソウ",0,0.5,0.1,"0.1","","",NA,0.5
"458",458,15,"C","ツマトリソウ",0.5,0.5,0.1,"0.1","","",NA,0.5
"459",459,15,"C","ツルリンドウ",0.5,1,0.1,"0.1","","",NA,1
"460",460,15,"C","ヒメゴヨウイチゴ",0,0.5,0.5,"0.2","","",NA,0.5
"461",461,15,"C","ヒメタケシマラン",0,2,0.1,"0.3","","",NA,2
"462",462,15,"C","ヒロハユキザサ",0,0.5,0.1,"","","",NA,0.5
"463",463,15,"C","マイヅルソウ",1,1,0.1,"0.1","","",NA,1
"464",464,15,"C","ミズバショウ",3,3,1,"2","","",NA,3
"465",465,15,"C","ミヤマカンスゲ",6,18,15,"11","","",NA,5
"466",466,15,"C","ヤマソテツ",0,4,2,"2","","",NA,3
"467",467,15,"C","ゴゼンタチバナ",4,0,0.1,"0.2","","",NA,0
"468",468,15,"C","チゴユリ",2,0,NA,"","","",NA,0
"469",469,15,"C","ヤマソテツ",4,0,0.5,"3","","",NA,0
"470",470,15,"C","サンカヨウ",NA,NA,0.1,"","","",NA,NA
"471",471,15,"S","チシマザサ",9,95,90,"75","","",NA,9
"472",472,16,"B2","オオシラビソ",2,5,2,"0.5","","",NA,4
"473",473,16,"B2","オオバスノキ",0,1,1,"1.2","","",NA,1
"474",474,16,"B2","クロウスゴ",1,0,0.5,"","","",NA,0
"475",475,16,"B2","クロツリバナ",2,0,1,"1","","",NA,0
"476",476,16,"B2","ダケカンバ",6,20,2,"","","",NA,6
"477",477,16,"B2","ハリブキ",0,0.5,0.1,"0.5","","",NA,0.5
"478",478,16,"B2","ミネカエデ",4,8,5,"1","","",NA,4
"479",479,16,"B2","ミヤマハンノキ",3,0.5,1,"1","","",NA,0.5
"480",480,16,"B2","オガラバナ",NA,NA,2,"1","","",NA,NA
"481",481,16,"C","イヌワラビ",0,1,NA,"0.3","","",NA,1
"482",482,16,"C","オオバノヨツバムグラ",0,1,0.1,"","","",NA,1
"483",483,16,"C","エンレイソウ",0,0.5,0.5,"0.7","","",NA,0.5
"484",484,16,"C","オオバタケシマラン",1,0,NA,"0.2","","",NA,0
"485",485,16,"C","キヌガサソウ",0,0.5,0.5,"0.1","","",NA,0.5
"486",486,16,"C","コガネギク",0,0.5,NA,"","","",NA,0.5
"487",487,16,"C","ゴゼンタチバナ",0,0.5,0.1,"","","",NA,0.5
"488",488,16,"C","コバイケイソウ",0,0.5,0.5,"0.1","","",NA,0.5
"489",489,16,"C","ゴマナ",0,0.5,1,"0.6","","",NA,0.5
"490",490,16,"C","コミヤマカタバミ",0,5,5,"7.3","","",NA,4
"491",491,16,"C","サンカヨウ",0,0.5,0.5,"0.3","","",NA,0.5
"492",492,16,"C","シノブカグマ",0,0.5,1,"","","",NA,0.5
"493",493,16,"C","ショウジョウバカマ",0,0.5,0.1,"","","",NA,0.5
"494",494,16,"C","シラネワラビ",0,2,1,"3","","",NA,2
"495",495,16,"C","タテヤマアザミ",0,0.5,NA,"","","",NA,0.5
"496",496,16,"C","ツルリンドウ",0.5,0.5,0.1,"0.1","","",NA,0.5
"497",497,16,"C","ヒメタケシマラン",0,0.5,NA,"0.2","","",NA,0.5
"498",498,16,"C","ヒロハユキザサ",0,0.5,1,"0.3","","",NA,0.5
"499",499,16,"C","マイヅルソウ",0.5,0.5,0.1,"0.6","","",NA,0.5
"500",500,16,"C","ミズバショウ",4,4,5,"0.2","","",NA,3
"501",501,16,"C","ミツバオウレン",0,0.5,0.1,"","","",NA,0.5
"502",502,16,"C","ミヤマカンスゲ",5,15,15,"10","","",NA,5
"503",503,16,"C","ミヤマメシダ",0,1,0.5,"","","",NA,1
"504",504,16,"C","モミジカラマツ",0,0.5,1,"","","",NA,0.5
"505",505,16,"C","ヤマソテツ",0,0.5,2,"1","","",NA,0.5
"506",506,16,"C","ヤマドリゼンマイ",1,1,2,"1","","",NA,1
"507",507,16,"C","チゴユリ",0.5,0,NA,"","","",NA,0
"508",508,16,"C","ミヤマアキノキリンソウ",1,0,NA,"","","",NA,0
"509",509,16,"C","メシダ",0.5,0,NA,"","","",NA,0
"510",510,16,"C","ミヤマシシウド",NA,NA,0.5,"0.1","","",NA,NA
"511",511,16,"C","シラネセンキュウ",NA,NA,1,"0.2","","",NA,NA
"512",512,16,"C","ミヤマベニシダ",NA,NA,0.5,"","","",NA,NA
"513",513,16,"C","タケシマラン",NA,NA,0.5,"0.1","","",NA,NA
"514",514,16,"C","ヒメゴヨウイチゴ",NA,NA,0.5,"0.6","","",NA,NA
"515",515,16,"C","ツクバネソウ",NA,NA,0.1,"0.2","","",NA,NA
"516",516,16,"C","カニコウモリ",NA,NA,0.1,"0.3","","",NA,NA
"517",517,16,"C","ヤマブキショウマ",NA,NA,1,"","","",NA,NA
"518",518,16,"S","チシマザサ",9,95,95,"80","","",NA,9
"519",519,NA,"","ナナカマド",NA,NA,NA,"0.1","","",NA,NA
"520",520,NA,"","ミヤマシシウド",NA,NA,NA,"0.1","","",NA,NA
"521",521,NA,"","オオバノヨツバムグラ",NA,NA,NA,"0.3","","",NA,NA
"522",522,NA,"","サカゲイノデ",NA,NA,NA,"1","","",NA,NA
"523",523,NA,"","ミヤマシシウド",NA,NA,NA,"0.1","","",NA,NA
"524",524,NA,"","オオバユキザサ",NA,NA,NA,"0.5","","",NA,NA
"525",525,17,"B2","オオシラビソ",4,6,5,"1.3","","",NA,4
"526",526,17,"B2","オオバスノキ",0,2,2,"","","",NA,2
"527",527,17,"B2","オガラバナ",5,25,10,"5","","",NA,6
"528",528,17,"B2","オノエヤナギ",0,3,NA,"1","","",NA,3
"529",529,17,"B2","クロツリバナ",3,5,1,"2.2","","",NA,4
"530",530,17,"B2","ナナカマド",6,15,2,"","","",NA,5
"531",531,17,"B2","ハリブキ",1,1,1,"1","","",NA,1
"532",532,17,"B2","ミネカエデ",0,5,5,"","","",NA,4
"533",533,17,"B2","ミヤマハンノキ",4,5,5,"1","","",NA,4
"534",534,17,"C","エンレイソウ",0.5,0,0.1,"0.6","","",NA,0
"535",535,17,"C","カニコウモリ",0.5,1,0.1,"","","",NA,1
"536",536,17,"C","キヌガサソウ",0.5,0.5,0.5,"","","",NA,0.5
"537",537,17,"C","コバイケイソウ",0.5,0.5,NA,"0.1","","",NA,0.5
"538",538,17,"C","コミヤマカタバミ",4,5,0.1,"3.1","","",NA,4
"539",539,17,"C","サンカヨウ",0.5,0.5,0.5,"0.1","","",NA,0.5
"540",540,17,"C","シラネワラビ",4,3,3,"3","","",NA,3
"541",541,17,"C","ツクバネソウ",0.5,0.5,0.1,"0.1","","",NA,0.5
"542",542,17,"C","ツルリンドウ",1,0,NA,"","","",NA,0
"543",543,17,"C","ヒメゴヨウイチゴ",5,10,0.5,"0.3","","",NA,5
"544",544,17,"C","ミヤマカンスゲ",6,20,15,"15","","",NA,6
"545",545,17,"C","オオバノヨツバムグラ",1,0,0.1,"0.2","","",NA,0
"546",546,17,"C","チゴユリ",3,0,NA,"","","",NA,0
"547",547,17,"C","ヒメノガリヤス",2,2,4.5,"","","",NA,2
"548",548,17,"C","イヌワラビ",0,0.5,NA,"1.2","","",NA,0.5
"549",549,17,"C","オオバノヨツバムグラ",0,1,NA,"","","",NA,1
"550",550,17,"C","エンレイソウ",0,0.5,NA,"","","",NA,0.5
"551",551,17,"C","コガネギク",0,0.5,NA,"","","",NA,0.5
"552",552,17,"C","シノブカグマ",0,0.5,0.5,"0.1","","",NA,0.5
"553",553,17,"C","ヒメタケシマラン",0,2,0.5,"0.1","","",NA,2
"554",554,17,"C","フキ",0,0.5,NA,"2","","",NA,0.5
"555",555,17,"C","ミヤマワラビ",0,0.5,NA,"0.1","","",NA,0.5
"556",556,17,"C","ヤマソテツ",0,1,2,"1","","",NA,1
"557",557,17,"S","チシマザサ",9,95,90,"90","","",NA,9
"558",558,NA,"","ヤマブキショウマ",NA,NA,NA,"1.6","","",NA,NA
"559",559,NA,"","ミヤマシシウド",NA,NA,NA,"0.1","","",NA,NA
"560",560,NA,"","ダケカンバ",NA,NA,NA,"1.1","","",NA,NA
"561",561,NA,"","ミヤマベニシダ",NA,NA,NA,"0.1","","",NA,NA
"562",562,NA,"","タニギキョウ",NA,NA,NA,"0.3","","",NA,NA
"563",563,NA,"","マイヅルソウ",NA,NA,NA,"0.1","","",NA,NA
"564",564,NA,"","ショウジョウバカマ",NA,NA,NA,"0.1","","",NA,NA
"565",565,18,"B2","オオカメノキ",0,1,0.5,"0.5","","",NA,1
"566",566,18,"B2","オオシラビソ",3,5,25,"6","","",NA,4
"567",567,18,"B2","オオバスノキ",0,3,1,"","","",NA,3
"568",568,18,"B2","オガラバナ",4,8,6,"3","","",NA,4
"569",569,18,"B2","オノエヤナギ",0,6,NA,"","","",NA,4
"570",570,18,"B2","クロウスゴ",1,0.5,0.5,"0.5","","",NA,0.5
"571",571,18,"B2","クロツリバナ",2,0,4,"3","","",NA,0
"572",572,18,"B2","ナナカマド",1,0,1,"3","","",NA,0
"573",573,18,"B2","ハリブキ",0,0.5,0.5,"0.5","","",NA,0.5
"574",574,18,"B2","ヒメウスノキ",0,0.5,1,"0.5","","",NA,0.5
"575",575,18,"B2","ベニバナイチゴ",0,3,NA,".","","",NA,3
"576",576,18,"B2","ミネカエデ",4,4,5,"5","","",NA,3
"577",577,18,"B2","アクシバ",NA,NA,0.5,"","","",NA,NA
"578",578,18,"B2","ウラジロヨウラク",NA,NA,0.5,"","","",NA,NA
"579",579,18,"B2","ダケカンバ",NA,NA,1,"","","",NA,NA
"580",580,18,"C","オオバノヨツバムグラ",0,2,0.1,"0.2","","",NA,2
"581",581,18,"C","エンレイソウ",0,0.5,0.5,"0.1","","",NA,0.5
"582",582,18,"C","オオバショリマ",0,2,NA,"0.7","","",NA,2
"583",583,18,"C","ゴゼンタチバナ",0,0.5,0.5,"0.5","","",NA,0.5
"584",584,18,"C","コミヤマカタバミ",2,4,3,"1","","",NA,3
"585",585,18,"C","サンカヨウ",0.5,0.5,NA,"","","",NA,0.5
"586",586,18,"C","ショウジョウバカマ",0.5,0.5,0.1,"0.3","","",NA,0.5
"587",587,18,"C","シラネワラビ",4,8,8,"5","","",NA,4
"588",588,18,"C","タニギキョウ",0,1,NA,"0.7","","",NA,1
"589",589,18,"C","ツクバネソウ",1,0.5,NA,"0.2","","",NA,0.5
"590",590,18,"C","ヒメゴヨウイチゴ",4,6,1,"..5","","",NA,4
"591",591,18,"C","ヒメタケシマラン",0,0.5,0.1,"0.2","","",NA,0.5
"592",592,18,"C","ミズバショウ",1,1,1,"3","","",NA,1
"593",593,18,"C","ミヤマカンスゲ",5,12,10,"15","","",NA,5
"594",594,18,"C","ミヤマメシダ",0,2,3,"","","",NA,2
"595",595,18,"C","ヤグルマソウ",0,0.5,NA,"0.5","","",NA,0.5
"596",596,18,"C","ヤマソテツ",0,4,4,"2","","",NA,3
"597",597,18,"C","ヤマドリゼンマイ",0.5,0,2,"2","","",NA,0
"598",598,18,"C","ヤマブキショウマ",0,0.5,NA,"0.5","","",NA,0.5
"599",599,18,"C","オオバノヨツバムグラ",1,0,NA,"","","",NA,0
"600",600,18,"C","ゴゼンタチバナ",0.5,0,NA,"0.5","","",NA,0
"601",601,18,"C","チゴユリ",0.5,0,NA,"","","",NA,0
"602",602,18,"C","ハクモウイノデ",2,0,NA,"","","",NA,0
"603",603,18,"C","メシダ",2,0,NA,"","","",NA,0
"604",604,18,"C","ヤマソテツ",4,0,NA,"","","",NA,0
"605",605,18,"C","コイワカガミ",NA,NA,0.1,"0.5","","",NA,NA
"606",606,18,"C","マイヅルソウ",NA,NA,0.1,"0.1","","",NA,NA
"607",607,18,"C","ミヤマワラビ",NA,NA,1,"","","写真",NA,NA
"608",608,18,"C","イワナシ",NA,NA,0.5,"0.5","","",NA,NA
"609",609,18,"C","ヒロハユキザサ",NA,NA,1,"1","","",NA,NA
"610",610,18,"C","シラネセンキュウ",NA,NA,0.1,"","","",NA,NA
"611",611,18,"S","チシマザサ",9,0,80,"80","","",NA,0
"612",612,NA,"","ミヤマベニシダ",NA,NA,NA,"0.3","","",NA,NA
"613",613,NA,"","シノブカグマ",NA,NA,NA,"0.1","","",NA,NA
"614",614,NA,"","ミヤマシシウド",NA,NA,NA,"0.1","","",NA,NA
"615",615,NA,"","ムラサキヤシオツツジ",NA,NA,NA,"0.3","","",NA,NA
"616",616,NA,"","イヌワラビ",NA,NA,NA,"0.1","","",NA,NA
"617",617,NA,"","シラネワラビ",NA,NA,NA,"0.3","","",NA,NA
"618",618,19,"B1","オガラバナ",3,5,8,"10","","",NA,4
"619",619,19,"B2","オオシラビソ",0,0.5,0,"","","",NA,0.5
"620",620,19,"B2","オガラバナ",3,4,1,"2","","",NA,3
"621",621,19,"B2","クロウスゴ",0.5,0.5,0.5,"0.5","","",NA,0.5
"622",622,19,"B2","クロツリバナ",0,4,0,"","","",NA,3
"623",623,19,"B2","ハリブキ",0.5,0.5,0.1,"0.5","","",NA,0.5
"624",624,19,"B2","ミネカエデ",5,8,5,"6","","",NA,4
"625",625,19,"B2","ミヤマハンノキ",0,1,0,"","","",NA,1
"626",626,19,"C","イヌワラビ",0,2,0.5,"","","",NA,2
"627",627,19,"C","エンレイソウ",0.5,0.5,0.5,"0.5","","",NA,0.5
"628",628,19,"C","ゴゼンタチバナ",0,0.5,0,"","","",NA,0.5
"629",629,19,"C","コミヤマカタバミ",3,8,3,"2","","",NA,4
"630",630,19,"C","サンカヨウ",0.5,0.5,0.5,"0.5","","",NA,0.5
"631",631,19,"C","シラネワラビ",3,4,3,"6","","",NA,3
"632",632,19,"C","タテヤマアザミ",0,0.5,0,"","","",NA,0.5
"633",633,19,"C","ツクバネソウ",0.5,0,0,"0.1","","",NA,0
"634",634,19,"C","ヒメゴヨウイチゴ",4,3,2,"2","","",NA,3
"635",635,19,"C","ヒメタケシマラン",0,0.5,0.5,"0.5","","",NA,0.5
"636",636,19,"C","ミズバショウ",3,2,0,"3","","",NA,2
"637",637,19,"C","ミツバオウレン",0.5,0.5,0,"","","",NA,0.5
"638",638,19,"C","ミヤマカンスゲ",6,20,5,"10","","",NA,6
"639",639,19,"C","ミヤマメシダ",0,0.5,0,"0.5","","",NA,0.5
"640",640,19,"C","ミヤマワラビ",0,1,0.5,"1","","",NA,1
"641",641,19,"C","ヤマソテツ",4,3,0.5,"2","","",NA,3
"642",642,19,"C","ヤマドリゼンマイ",0.5,0.5,0.5,"0.5","","",NA,0.5
"643",643,19,"C","チゴユリ",1,0,0,"","","",NA,0
"644",644,19,"C","ミヤマアキノキリンソウ",0.5,0,0,"","","",NA,0
"645",645,19,"C","マイヅルソウ",NA,NA,0.1,"0.1","","",NA,NA
"646",646,19,"C","ミヤマイタチシダ",NA,NA,0.5,"1","","",NA,NA
"647",647,19,"C","ヤマブキショウマ",NA,NA,0.5,"","","",NA,NA
"648",648,19,"S","チシマザサ",9,100,90,"90","","",NA,10
"649",649,NA,"","ナナカマド",NA,NA,NA,"0.5","","",NA,NA
"650",650,NA,"","ツマトリソウ",NA,NA,NA,"0.1","","",NA,NA
"651",651,NA,"","クマイチゴ",NA,NA,NA,"0.5","","",NA,NA
"652",652,20,"B2","オオカメノキ",0,3,1,"1","中島さん","",NA,3
"653",653,20,"B2","オオシラビソ",4,5,3,"3","","",NA,4
"654",654,20,"B2","オオバスノキ",0,4,1,"1","","",NA,3
"655",655,20,"B2","オガラバナ",5,12,8,"5","","",NA,5
"656",656,20,"B2","クロウスゴ",4,5,0.5,"0.5","","",NA,4
"657",657,20,"B2","ダケカンバ",4,6,3,"2","","",NA,4
"658",658,20,"B2","ナナカマド",3,4,0.5,"0.5","","",NA,3
"659",659,20,"B2","ハリブキ",0.5,0.5,0.5,"0.1","","",NA,0.5
"660",660,20,"B2","ミネカエデ",0,3,3,"3","","",NA,3
"661",661,20,"B2","ミヤマハンノキ",0,15,5,"2","","",NA,5
"662",662,20,"C","イヌワラビ",0,0.5,0.1,"","","",NA,0.5
"663",663,20,"C","エンレイソウ",0,0.5,0.1,"0.1","","",NA,0.5
"664",664,20,"C","オオバショリマ",0,0.5,0,"0.1","","",NA,0.5
"665",665,20,"C","カニコウモリ",0,0.5,0,"","","",NA,0.5
"666",666,20,"C","コイワカガミ",1,0,0,"0.2","","",NA,0
"667",667,20,"C","コガネギク",0,1,0,"","","",NA,1
"668",668,20,"C","ゴゼンタチバナ",0,0.5,0.5,"0.5","","",NA,0.5
"669",669,20,"C","コミヤマカタバミ",3,3,2,"1","","",NA,3
"670",670,20,"C","シラネワラビ",0.5,3,2,"3","","",NA,3
"671",671,20,"C","タテヤマアザミ",0,0.5,0,"","","",NA,0.5
"672",672,20,"C","ツクバネソウ",1,1,0.1,"0.2","","",NA,1
"673",673,20,"C","ヒメゴヨウイチゴ",5,10,1,"0.3","","",NA,5
"674",674,20,"C","ヒロハユキザサ",0,0.5,0.5,"0.2","","",NA,0.5
"675",675,20,"C","マイヅルソウ",4,3,0,"0.1","","",NA,3
"676",676,20,"C","ミヤマカンスゲ",6,18,3,"4","","",NA,5
"677",677,20,"C","ミヤマワラビ",1,0.5,0,"","","",NA,0.5
"678",678,20,"C","ヤマブキショウマ",0,0.5,0,"0.1","","",NA,0.5
"679",679,20,"C","ゴゼンタチバナ",0.5,0,0.5,"","","",NA,0
"680",680,20,"C","チゴユリ",2,0,0.1,"0.1","","",NA,0
"681",681,20,"C","ミヤマアキノキリンソウ",0.5,0,0.1,"","","",NA,0
"682",682,20,"C","ヤマソテツ",4,0,2,"1","","",NA,0
"683",683,20,"C","ユキザサ",0.5,0,0.1,"0.1","","",NA,0
"684",684,20,"C","イワカガミ",NA,NA,1,"","","",NA,NA
"685",685,20,"C","シノブカグマ",NA,NA,0.5,"0.3","","",NA,NA
"686",686,20,"C","オオバノヨツバムグラ",NA,NA,0.1,"","","",NA,NA
"687",687,20,"C","ヤマドリゼンマイ",NA,NA,0.5,"0.2","","",NA,NA
"688",688,20,"S","チシマザサ",9,100,90,"85","","",NA,10
"689",689,NA,"","タケシマラン",NA,NA,NA,"0.1","","",NA,NA
"690",690,NA,"","ミヤマセンキュウ",NA,NA,NA,"0.1","","",NA,NA
"691",691,NA,"","モミジカラマツ",NA,NA,NA,"0.85","","",NA,NA
"692",692,NA,"","シノブカグマ",NA,NA,NA,"1","","",NA,NA
"693",693,NA,"","ツマトリソウ",NA,NA,NA,"0.2","","",NA,NA
"694",694,NA,"","ヒメウスノキ",NA,NA,NA,"0.2","","",NA,NA
"695",695,NA,"","ミズバショウ",NA,NA,NA,"1","","",NA,NA
"696",696,NA,"","クロツリバナ",NA,NA,NA,"0.5","","",NA,NA
"697",697,NA,"","コメススキ",NA,NA,NA,"0.1","","",NA,NA
"698",698,21,"B2","オオカメノキ",0,0.5,5.5,"0.5","","",NA,0.5
"699",699,21,"B2","オオシラビソ",0.5,1,2,"2","","",NA,1
"700",700,21,"B2","オノエヤナギ",5,10,5,"8","","",NA,5
"701",701,21,"B2","クマイチゴ",0,0.5,0,"","","",NA,0.5
"702",702,21,"B2","ダケカンバ",4,5,3,"5","","",NA,4
"703",703,21,"B2","ナナカマド",6,10,10,"5","","",NA,5
"704",704,21,"B2","バッコヤナギ",0,10,10,"","","",NA,5
"705",705,21,"B2","ミネカエデ",0.5,2,1,"1","","",NA,2
"706",706,21,"B2","ミヤマハンノキ",5,2,3,"1","","",NA,2
"707",707,21,"B2","オガラバナ",NA,NA,1,"","","",NA,NA
"708",708,21,"C","エンレイソウ",0.5,0.5,0.5,"0.58","","",NA,0.5
"709",709,21,"C","オオイタドリ",5,0,2,"8","","",NA,0
"710",710,21,"C","コガネギク",0,1,0,"","","",NA,1
"711",711,21,"C","ゴマナ",0,15,5,"5","","",NA,5
"712",712,21,"C","サンカヨウ",0.5,0,0.5,"","","",NA,0
"713",713,21,"C","ショウジョウバカマ",1,0,0,"","","",NA,0
"714",714,21,"C","シラネワラビ",4,1,1,"2","","",NA,1
"715",715,21,"C","タテヤマアザミ",4,10,8,"","","",NA,5
"716",716,21,"C","ツクバネソウ",0.5,0,0,"","","",NA,0
"717",717,21,"C","ツマトリソウ",0.5,0,0,"","","",NA,0
"718",718,21,"C","ヒメゴヨウイチゴ",2,2,2,"2","","",NA,2
"719",719,21,"C","ヒメタケシマラン",0,2,0.5,"","","",NA,2
"720",720,21,"C","フキ",0.5,5,4,"8","","",NA,4
"721",721,21,"C","マイヅルソウ",4,0.5,0.5,"","","",NA,0.5
"722",722,21,"C","ミヤマカンスゲ",5,15,5,"","","",NA,5
"723",723,21,"C","ミヤマシシウド",1,8,6,"8","","",NA,4
"724",724,21,"C","ミヤマワラビ",0.5,0.5,1,"","","",NA,0.5
"725",725,21,"C","ヤグルマソウ",0,0.5,1,"2","","",NA,0.5
"726",726,21,"C","ヤマハハコ",0,0.5,0,"","","",NA,0.5
"727",727,21,"C","ヤマブキショウマ",0,0.5,1,"","","",NA,0.5
"728",728,21,"C","ヨモギ",5,5,0.1,"3","","",NA,4
"729",729,21,"C","コゴメグサ",0.5,0,0,"","","",NA,0
"730",730,21,"C","チゴユリ",2,0,0,"","","",NA,0
"731",731,21,"C","ノコンギク",4,0,0,"","","",NA,0
"732",732,21,"C","ユキザサ",0.5,0,0,"","","",NA,0
"733",733,21,"C","ミヤマアキノキリンソウ",NA,NA,0.1,"0.1","","",NA,NA
"734",734,21,"C","ヒゲノガリヤス",NA,NA,0.1,"","","",NA,NA
"735",735,21,"C","オシダ",NA,NA,0.5,"1","","",NA,NA
"736",736,21,"C","ミヤマメシダ",NA,NA,5,"1","","",NA,NA
"737",737,21,"C","ミズバショウ",NA,NA,1,"1","","",NA,NA
"738",738,21,"C","サカゲイノデ",NA,NA,0.5,"","","",NA,NA
"739",739,21,"C","ヤマドリゼンマイ",NA,NA,0.5,"1","","",NA,NA
"740",740,NA,"","イタドリ",NA,NA,NA,"2","1","",NA,NA
"741",741,NA,"","イ",NA,NA,NA,"0.1","2","",NA,NA
"742",742,NA,"","バッコヤナギ",NA,NA,NA,"10","3","",NA,NA
"743",743,NA,"","イヌガンソク",NA,NA,NA,"","4","",NA,NA
"744",744,NA,"","アカショウマ",NA,NA,NA,"1","5","",NA,NA
"745",745,NA,"","マルバダケブキ",NA,NA,NA,"1","6","",NA,NA
"746",746,NA,"","ミヤマカタバミ",NA,NA,NA,"0.5","7","",NA,NA
"747",747,NA,"","クロトウヒレン",NA,NA,NA,"1","9","",NA,NA
"748",748,NA,"","ベニバナイチゴ",NA,NA,NA,"0.5","10","",NA,NA
"749",749,NA,"","ミヤマメシダ",NA,NA,NA,"1","11","",NA,NA
"750",750,NA,"","シラネニンジン",NA,NA,NA,"0.1","14","",NA,NA
"751",751,21,"S","チシマザサ",9,80,70,"50","","",NA,9
"752",752,22,"B2","オガラバナ",4,3,1,"1","","",NA,3
"753",753,22,"B2","オノエヤナギ",3,0,1,"","","",NA,0
"754",754,22,"B2","クマイチゴ",0,0.5,0,"","","",NA,0.5
"755",755,22,"B2","ダケカンバ",4,0,0.5,"1","","",NA,0
"756",756,22,"B2","ナナカマド",4,4,3,"2","","",NA,3
"757",757,22,"B2","バッコヤナギ",2,0,0,"","","",NA,0
"758",758,22,"B2","ミヤマハンノキ",5,0,3,"1","","",NA,0
"759",759,22,"B2","ミヤマハンノキ",0,4,3,"","","",NA,3
"760",760,22,"B2","ベニバナイチゴ",NA,NA,2,"3","","",NA,NA
"761",761,22,"B2","ミネカエデ",NA,NA,1,"","","",NA,NA
"762",762,22,"B2","オオシラビソ",NA,NA,1,"","","",NA,NA
"763",763,22,"C","イタドリ",3,0,0,"1","","",NA,0
"764",764,22,"C","オオバノヨツバムグラ",0,0.5,0,"","","",NA,0.5
"765",765,22,"C","エンレイソウ",0.5,0.5,0.5,"0.5","","",NA,0.5
"766",766,22,"C","オオイタドリ",5,15,15,"20","","",NA,5
"767",767,22,"C","オオバショリマ",0,1,0,"","","",NA,1
"768",768,22,"C","オニシモツケ",0,5,3,"4","","",NA,4
"769",769,22,"C","コウゾリナ",0.5,0,0,"","","",NA,0
"770",770,22,"C","コガネギク",0,2,0,"","","",NA,2
"771",771,22,"C","コミヤマカタバミ",1,2,2,"3","","",NA,2
"772",772,22,"C","シモツケソウ",3,0,0,"","","",NA,0
"773",773,22,"C","タテヤマアザミ",0,4,6,"","","",NA,3
"774",774,22,"C","ヒゲノガリヤス",1,0,0,"","","",NA,0
"775",775,22,"C","ヒメゴヨウイチゴ",2,0,0,"3","","",NA,0
"776",776,22,"C","フキ",4,5,3,"3","","",NA,4
"777",777,22,"C","マイヅルソウ",0,0.5,0,"","","",NA,0.5
"778",778,22,"C","ミヤマカンスゲ",5,15,3,"3","","",NA,5
"779",779,22,"C","ミヤマメシダ",0,2,2,"3","","",NA,2
"780",780,22,"C","ミヤマワラビ",1,1,1,"","","",NA,1
"781",781,22,"C","ヤマハハコ",0.5,0.5,0,"","","",NA,0.5
"782",782,22,"C","ヤマブキショウマ",0.5,0.5,1,"","","",NA,0.5
"783",783,22,"C","ヨモギ",3,5,0,"1","オオヨモギ","",NA,4
"784",784,22,"C","オオバノヨツバムグラ",0.5,0,0.1,"","","",NA,0
"785",785,22,"C","タテヤマオウギ",3,0,0,"","","",NA,0
"786",786,22,"C","チゴユリ",1,0,0,"","","",NA,0
"787",787,22,"C","ノコンギク",4,0,0,"","","",NA,0
"788",788,22,"C","ミヤマアキノキリンソウ",2,0,0.5,"","","",NA,0
"789",789,22,"C","メシダ",1,0,0,"","","",NA,0
"790",790,22,"C","ユキザサ",0.5,0,0,"","","",NA,0
"791",791,22,"C","ミヤマシシウド",NA,NA,1,"3","","",NA,NA
"792",792,22,"C","オシダ",NA,NA,0.5,"","","",NA,NA
"793",793,22,"C","オオバコ",NA,NA,0.1,"","","",NA,NA
"794",794,22,"C","ミヤマベニシダ",NA,NA,0.1,"0.5","","",NA,NA
"795",795,22,"S","チシマザサ",9,80,80,"70","","",NA,9
"796",796,NA,"","ゴマナ",NA,NA,NA,"5","","",NA,NA
"797",797,NA,"","シラネワラビ",NA,NA,NA,"1","","",NA,NA
"798",798,NA,"","アカショウマ",NA,NA,NA,"2","","",NA,NA
"799",799,NA,"","サカゲイノデ",NA,NA,NA,"0.5","","",NA,NA
"800",800,23,"B2","オオカメノキ",2,0.5,0,"","","",NA,0.5
"801",801,23,"B2","オガラバナ",3,0,3,"1","","",NA,0
"802",802,23,"B2","オノエヤナギ",3,0.5,0,"","","",NA,0.5
"803",803,23,"B2","ダケカンバ",5,10,5,"3","","",NA,5
"804",804,23,"B2","バッコヤナギ",0.5,0,0,"","","",NA,0
"805",805,23,"B2","ベニバナイチゴ",4,10,0,"8","","",NA,5
"806",806,23,"B2","ミヤマハンノキ",4,2,1,"1","","",NA,2
"807",807,23,"B2","ミネカエデ",NA,NA,0.5,"1","","",NA,NA
"808",808,23,"C","オオバノヨツバムグラ",0,0.5,0,"","","",NA,0.5
"809",809,23,"C","エンレイソウ",0.5,0.5,0.4,"0.5","","",NA,0.5
"810",810,23,"C","オオイタドリ",6,35,25,"25","","",NA,7
"811",811,23,"C","オニシモツケ",0,10,0,"2","","",NA,5
"812",812,23,"C","ゴマナ",0,4,0,"5","","",NA,3
"813",813,23,"C","コミヤマカタバミ",3,4,3,"3","","",NA,3
"814",814,23,"C","サンカヨウ",0.5,0.5,0,"0.5","","",NA,0.5
"815",815,23,"C","シモツケソウ",0.5,2,0.5,"","","",NA,2
"816",816,23,"C","タテヤマアザミ",5,20,5,"3","","",NA,6
"817",817,23,"C","ヒゲノガリヤス",1,2,0,"1","","",NA,2
"818",818,23,"C","ヒメゴヨウイチゴ",5,8,2,"1","","",NA,4
"819",819,23,"C","ヒメタケシマラン",0,0.5,0.5,"","","",NA,0.5
"820",820,23,"C","フキ",4,10,5,"7","","",NA,5
"821",821,23,"C","ミヤマカンスゲ",5,10,15,"20","","",NA,5
"822",822,23,"C","ミヤマシシウド",0,0.5,0.5,"6","","photo",NA,0.5
"823",823,23,"C","ミヤマメシダ",0,2,1,"2","","photo",NA,2
"824",824,23,"C","ミヤマワラビ",0,1,0.5,"0.5","","photo",NA,1
"825",825,23,"C","ヤマハハコ",0.5,0,0,"0.5","","",NA,0
"826",826,23,"C","ヤマブキショウマ",0.5,0.5,0.5,"","","photo",NA,0.5
"827",827,23,"C","ヨモギ",3,5,0,"2","","",NA,4
"828",828,23,"C","キオン",0.5,0,0,"","","",NA,0
"829",829,23,"C","タテヤマオウギ",2,0,0,"","","",NA,0
"830",830,23,"C","チゴユリ",2,0,0,"0.5","","",NA,0
"831",831,23,"C","ノコンギク",4,0,0,"","","",NA,0
"832",832,23,"C","メシダ",2,0,0,"","","",NA,0
"833",833,23,"C","ユキザサ",0.5,0,0,"2","","",NA,0
"834",834,23,"C","ウラジロタデ",NA,NA,0.1,"","","",NA,NA
"835",835,23,"C","サカゲイノデ",NA,NA,0.5,"0.1","","",NA,NA
"836",836,23,"C","スギナ",NA,NA,0.1,"0.1","","",NA,NA
"837",837,23,"C","ヤマソテツ",NA,NA,0.5,"0.5","","",NA,NA
"838",838,23,"C","ヤグルマソウ",NA,NA,0.1,"","","0.1na",NA,NA
"839",839,23,"C","オオシラビソ",NA,NA,0.1,"","","",NA,NA
"840",840,23,"C","ミヤマイタチシダ",NA,NA,0.5,"0.1","","photo",NA,NA
"841",841,23,"S","チシマザサ",9,30,60,"70","","",NA,6
"842",842,NA,"","アカショウマ",NA,NA,NA,"1","","",NA,NA
"843",843,NA,"","マルバダケブキ",NA,NA,NA,"0.5","","",NA,NA
"844",844,NA,"","シラネニンジン",NA,NA,NA,"0.5","","",NA,NA
"845",845,24,"B2","オオシラビソ",5,8,0,"0.5","","",NA,4
"846",846,24,"B2","オガラバナ",3,0,0,"","","",NA,0
"847",847,24,"B2","オノエヤナギ",5,10,8,"6","","",NA,5
"848",848,24,"B2","クロツリバナ",2,2,3,"2","","",NA,2
"849",849,24,"B2","ダケカンバ",5,5,0,"1","","",NA,4
"850",850,24,"B2","ミヤマハンノキ",5,8,0.5,"","","",NA,4
"851",851,24,"C","アキカラマツ",0,1,1,"","","",NA,1
"852",852,24,"C","イタドリ",5,5,3,"8","","",NA,4
"853",853,24,"C","エンレイソウ",0.5,0.5,0.1,"0.5","","",NA,0.5
"854",854,24,"C","オオイタドリ",4,20,5,"20","","",NA,6
"855",855,24,"C","コウゾリナ",4,0,0,"","","",NA,0
"856",856,24,"C","コガネギク",0,1,0,"","","",NA,1
"857",857,24,"C","ゴマナ",1,5,0,"6","","",NA,4
"858",858,24,"C","コミヤマカタバミ",0.5,3,5,"5","","",NA,3
"859",859,24,"C","シラネワラビ",1,0,0.5,"","","",NA,0
"860",860,24,"C","タテヤマアザミ",3,10,5,"4","","",NA,5
"861",861,24,"C","ツクバネソウ",0.5,0,0,"","","",NA,0
"862",862,24,"C","ヒゲノガリヤス",3,3,0.5,"","","",NA,3
"863",863,24,"C","ヒメゴヨウイチゴ",5,5,3,"3","","",NA,4
"864",864,24,"C","ヒメタケシマラン",0,1,1,"0.5","","",NA,1
"865",865,24,"C","フキ",4,10,2,"2","","",NA,5
"866",866,24,"C","マイヅルソウ",1,0,0,"0.1","","",NA,0
"867",867,24,"C","ミヤマカンスゲ",5,12,8,"10","","",NA,5
"868",868,24,"C","ミヤマシシウド",1,0.5,0,"8","","",NA,0.5
"869",869,24,"C","ミヤマワラビ",1,0,0.1,"0.1","","",NA,0
"870",870,24,"C","ヤグルマソウ",0,2,2,"0.5","","",NA,2
"871",871,24,"C","ヤマブキショウマ",0.5,1,0.5,"","","",NA,1
"872",872,24,"C","ヨツバヒヨドリ",0.5,0.5,0,"","","",NA,0.5
"873",873,24,"C","ヨモギ",5,4,0,"3","","",NA,3
"874",874,24,"C","セイヨウタンポポ",2,0,0,"","","",NA,0
"875",875,24,"C","タテヤマオウギ",3,0,0,"","","",NA,0
"876",876,24,"C","チゴユリ",0.5,0,0,"","","",NA,0
"877",877,24,"C","ノコンギク",4,0,0,"","","",NA,0
"878",878,24,"C","ミヤマアキノキリンソウ",0.5,0,0.1,"","","",NA,0
"879",879,24,"C","メシダ",0.5,0,0,"","","",NA,0
"880",880,24,"C","オオハナウド",NA,NA,3,"1","","",NA,NA
"881",881,24,"C","テガタチドリ",NA,NA,0.1,"","","",NA,NA
"882",882,24,"C","ミヤマセンキュウ",NA,NA,0.1,"","","photo",NA,NA
"883",883,24,"C","ヤマイヌワラビ",NA,NA,1,"0.5","","photo",NA,NA
"884",884,24,"C","ユキザサ",NA,NA,0.1,"","","",NA,NA
"885",885,24,"C","アカショウマ",NA,NA,0.1,"1","","",NA,NA
"886",886,24,"C","ヒロハユキザサ",NA,NA,0.5,"0.5","","photo",NA,NA
"887",887,24,"C","オオバショリマ",NA,NA,0.5,"0.5","","",NA,NA
"888",888,24,"C","カニコウモリ",NA,NA,1,"0.5","","photo",NA,NA
"889",889,24,"C","ミズバショウ",NA,NA,0.1,"0.5","","photo",NA,NA
"890",890,24,"C","サンカヨウ",NA,NA,0.5,"","","",NA,NA
"891",891,24,"C","スギナ",NA,NA,0.1,"0.1","","",NA,NA
"892",892,24,"S","チシマザサ",9,90,85,"90","","",NA,9
"893",893,NA,"","バッコヤナギ",NA,NA,NA,"1","","",NA,NA
"894",894,NA,"","シノブカグマ",NA,NA,NA,"0.5","","",NA,NA
"895",895,NA,"","アイイタドリ",NA,NA,NA,"0.1","","",NA,NA
"896",896,NA,"","コメススキ",NA,NA,NA,"0.1","","",NA,NA
"897",897,NA,"","ヤマソテツ",NA,NA,NA,"0.5","","",NA,NA
"898",898,NA,"","ミヤマイタチシダ",NA,NA,NA,"0.5","","",NA,NA
"899",899,25,"B2","オオシラビソ",7,30,18,"20","","",NA,6
"900",900,25,"B2","オガラバナ",4,0,0,"","","",NA,0
"901",901,25,"B2","オノエヤナギ",5,10,7,"5","","",NA,5
"902",902,25,"B2","ダケカンバ",8,30,3,"4","","",NA,6
"903",903,25,"B2","ナナカマド",0.5,5,6,"7","","",NA,4
"904",904,25,"B2","バッコヤナギ",0,0.5,0.5,"","","",NA,0.5
"905",905,25,"B2","ミネカエデ",0,8,5,"3","","",NA,4
"906",906,25,"C","アキカラマツ",1,5,1,"1","","",NA,4
"907",907,25,"C","イタドリ",4,0,0.5,"12","","",NA,0
"908",908,25,"C","オオイタドリ",0,15,12,"20","","",NA,5
"909",909,25,"C","オオバショリマ",0,5,2,"","","",NA,4
"910",910,25,"C","コウゾリナ",0,0.5,0,"","","",NA,0.5
"911",911,25,"C","ゴゼンタチバナ",0,0.5,0,"","","",NA,0.5
"912",912,25,"C","コミヤマカタバミ",0,4,4,"5","","",NA,3
"913",913,25,"C","タテヤマアザミ",3,10,5,"4","","",NA,5
"914",914,25,"C","ヒメタケシマラン",0,1,0.5,"0.5","","",NA,1
"915",915,25,"C","ヒロハユキザサ",0,1,0.5,"0.5","","",NA,1
"916",916,25,"C","フキ",3,5,5,"8","","",NA,4
"917",917,25,"C","マイヅルソウ",1,0,3,"6","","",NA,0
"918",918,25,"C","ミヤマカンスゲ",8,60,40,"70","","",NA,8
"919",919,25,"C","ミヤマシシウド",1,0,4,"5","","",NA,0
"920",920,25,"C","ミヤマワラビ",0,1,0.1,"0.5","","",NA,1
"921",921,25,"C","モミジカラマツ",5,8,10,"10","","",NA,4
"922",922,25,"C","ヤマドリゼンマイ",1,0,0,"1","","",NA,0
"923",923,25,"C","ヤマブキショウマ",0.5,4,0.1,"","","",NA,3
"924",924,25,"C","ヨツバヒヨドリ",3,2,2,"","","",NA,2
"925",925,25,"C","ヨモギ",4,5,0,"5","","",NA,4
"926",926,25,"C","オシダ",0.5,0,0,"","","",NA,0
"927",927,25,"C","ゴゼンタチバナ",0.5,0,0,"","","",NA,0
"928",928,25,"C","チゴユリ",0.5,0,0.5,"0.5","","",NA,0
"929",929,25,"C","ハクモウイノデ",0.5,0,0,"","","",NA,0
"930",930,25,"C","ミヤマアキノキリンソウ",3,0,0,"","","w",NA,0
"931",931,25,"C","ユキザサ",1,0,0,"0.5","","",NA,0
"932",932,25,"C","ミヤマカタバミ",NA,NA,0.5,"","","",NA,NA
"933",933,25,"C","アカショウマ",NA,NA,0.1,"1","","",NA,NA
"934",934,25,"C","エンレイソウ",NA,NA,0.5,"0.5","","",NA,NA
"935",935,25,"C","ヒメノガリヤス",NA,NA,0.1,"","","",NA,NA
"936",936,25,"S","チシマザサ",7,0,70,"30","","",NA,0
"937",937,NA,"","バッコヤナギ",NA,NA,NA,"0.5","","",NA,NA
"938",938,NA,"","サカゲイノデ",NA,NA,NA,"1","","",NA,NA
"939",939,NA,"","ミヤマメシダ",NA,NA,NA,"0.5","","",NA,NA
"940",940,NA,"","ミヤマハンノキ",NA,NA,NA,"","","",NA,NA
"941",941,NA,"","タテヤマアザミ",NA,NA,NA,"0.5","","",NA,NA
"942",942,NA,"","シラネニンジン",NA,NA,NA,"1","","",NA,NA
"943",943,NA,"","テガタチドリ",NA,NA,NA,"0.1","","",NA,NA
